Strain,Gene,Expected,Ref,Alt,Refstop,Altstop,Nonsyn,Parent,Chrom,Start,End,Description
BT22,CNAG_03096,295.0,295,295,1,1,3,CNAG_03096-t26_1,8,38623,39886,UDP-glucose 4-epimerase
FTC555,CNAG_03096,295.0,295,295,1,1,3,CNAG_03096-t26_1,8,38623,39886,UDP-glucose 4-epimerase
BT22,CNAG_03099,1236.0,1236,1236,1,1,2,CNAG_03099-t26_1,8,44661,49311,chitin synthase 1
FTC555,CNAG_03099,1236.0,1236,1236,1,1,4,CNAG_03099-t26_1,8,44661,49311,chitin synthase 1
BT22,CNAG_03100,776.0,776,776,1,1,3,CNAG_03100-t26_1,8,49504,53555,cytoplasmic protein
FTC555,CNAG_03100,776.0,776,776,1,1,3,CNAG_03100-t26_1,8,49504,53555,cytoplasmic protein
BT22,CNAG_03101,532.0,532,532,1,1,1,CNAG_03101-t26_1,8,53964,56781,efflux protein EncT
FTC555,CNAG_03101,532.0,532,532,1,1,1,CNAG_03101-t26_1,8,53964,56781,efflux protein EncT
BT22,CNAG_03103,819.0,819,819,1,1,2,CNAG_03103-t26_1,8,58956,61951,Cullin 3
FTC555,CNAG_03103,819.0,819,821,1,1,99,CNAG_03103-t26_1,8,58956,61951,Cullin 3
BT22,CNAG_03109,484.0,484,484,1,1,2,CNAG_03109-t26_1,8,70399,72617,ubiquitin carboxyl-terminal hydrolase 14
FTC555,CNAG_03109,484.0,484,484,1,1,1,CNAG_03109-t26_1,8,70399,72617,ubiquitin carboxyl-terminal hydrolase 14
BT22,CNAG_03113,734.0,734,734,1,1,3,CNAG_03113-t26_1,8,79616,83445,trehalose synthase
FTC555,CNAG_03113,734.0,734,734,1,1,2,CNAG_03113-t26_1,8,79616,83445,trehalose synthase
BT22,CNAG_03116,786.0,786,786,1,1,3,CNAG_03116-t26_1,8,92701,96612,forkhead transcription factor 3
FTC555,CNAG_03116,786.0,786,786,1,1,2,CNAG_03116-t26_1,8,92701,96612,forkhead transcription factor 3
BT22,CNAG_03120,2439.0,2439,2439,1,1,8,CNAG_03120-t26_2,8,105796,114437,alpha-1
BT22,CNAG_03120,2430.0,2430,2430,1,1,8,CNAG_03120-t26_1,8,105796,114437,alpha-1
FTC555,CNAG_03120,2439.0,2439,2439,1,1,9,CNAG_03120-t26_2,8,105796,114437,alpha-1
FTC555,CNAG_03120,2430.0,2430,2430,1,1,9,CNAG_03120-t26_1,8,105796,114437,alpha-1
BT22,CNAG_03124,884.0,884,884,1,1,4,CNAG_03124-t26_1,8,124072,127441,periodic tryptophan protein 2
FTC555,CNAG_03124,884.0,884,884,1,1,5,CNAG_03124-t26_1,8,124072,127441,periodic tryptophan protein 2
BT22,CNAG_03127,145.0,145,145,1,1,0,CNAG_03127-t26_1,8,131716,132666,small subunit ribosomal protein S23
FTC555,CNAG_03127,145.0,145,145,1,1,0,CNAG_03127-t26_1,8,131716,132666,small subunit ribosomal protein S23
BT22,CNAG_03128,592.0,592,592,1,1,1,CNAG_03128-t26_1,8,133860,137862,gamma-glutamyltransferase
BT22,CNAG_03128,588.0,588,588,1,1,1,CNAG_03128-t26_2,8,133860,137862,gamma-glutamyltransferase
FTC555,CNAG_03128,592.0,592,592,1,1,1,CNAG_03128-t26_1,8,133860,137862,gamma-glutamyltransferase
FTC555,CNAG_03128,588.0,588,588,1,1,1,CNAG_03128-t26_2,8,133860,137862,gamma-glutamyltransferase
BT22,CNAG_03129,503.0,503,503,1,1,6,CNAG_03129-t26_1,8,136634,138558,transcription factor IIIA
FTC555,CNAG_03129,503.0,503,503,1,1,6,CNAG_03129-t26_1,8,136634,138558,transcription factor IIIA
BT22,CNAG_03130,208.0,208,208,1,1,0,CNAG_03130-t26_1,8,138572,139716,rho family protein
FTC555,CNAG_03130,208.0,208,208,1,1,0,CNAG_03130-t26_1,8,138572,139716,rho family protein
BT22,CNAG_03133,870.0,870,868,1,1,53,CNAG_03133-t26_1,8,144196,148047,UDP-glucose
FTC555,CNAG_03133,870.0,870,868,1,1,54,CNAG_03133-t26_1,8,144196,148047,UDP-glucose
BT22,CNAG_03134,305.0,305,305,1,1,2,CNAG_03134-t26_1,8,148920,150652,3-hydroxybutyryl-CoA dehydrogenase
FTC555,CNAG_03134,305.0,305,305,1,1,1,CNAG_03134-t26_1,8,148920,150652,3-hydroxybutyryl-CoA dehydrogenase
BT22,CNAG_03137,476.0,476,476,1,1,13,CNAG_03137-t26_1,8,158870,160814,CMGC/CDK protein kinase
FTC555,CNAG_03137,476.0,476,476,1,1,13,CNAG_03137-t26_1,8,158870,160814,CMGC/CDK protein kinase
BT22,CNAG_03138,811.0,811,811,1,1,10,CNAG_03138-t26_1,8,160950,164207,ubiquitin-protein ligase
FTC555,CNAG_03138,811.0,811,811,1,1,10,CNAG_03138-t26_1,8,160950,164207,ubiquitin-protein ligase
BT22,CNAG_03139,1180.0,1180,1180,1,1,10,CNAG_03139-t26_1,8,164499,169076,Phosphatidylethanolamine N-methyltransferase
FTC555,CNAG_03139,1180.0,1180,1180,1,1,6,CNAG_03139-t26_1,8,164499,169076,Phosphatidylethanolamine N-methyltransferase
BT22,CNAG_03140,518.0,518,518,1,1,4,CNAG_03140-t26_1,8,168686,171516,Sugar transporter
FTC555,CNAG_03140,518.0,518,518,1,1,4,CNAG_03140-t26_1,8,168686,171516,Sugar transporter
BT22,CNAG_03144,214.0,214,214,1,1,1,CNAG_03144-t26_1,8,174692,176300,peptide-methionine (S)-S-oxide reductase
FTC555,CNAG_03144,214.0,214,214,1,1,1,CNAG_03144-t26_1,8,174692,176300,peptide-methionine (S)-S-oxide reductase
BT22,CNAG_03146,561.0,561,561,1,1,3,CNAG_03146-t26_1,8,179815,182840,Alpha-amylase
FTC555,CNAG_03146,561.0,561,561,1,1,2,CNAG_03146-t26_1,8,179815,182840,Alpha-amylase
BT22,CNAG_03147,432.0,432,432,1,1,3,CNAG_03147-t26_1,8,182670,184468,rhomboid-like protein
FTC555,CNAG_03147,432.0,432,432,1,1,2,CNAG_03147-t26_1,8,182670,184468,rhomboid-like protein
BT22,CNAG_03148,1214.0,1214,1214,1,1,4,CNAG_03148-t26_1,8,184646,191036,nuclear condensin complex protein
FTC555,CNAG_03148,1214.0,1214,1214,1,1,7,CNAG_03148-t26_1,8,184646,191036,nuclear condensin complex protein
BT22,CNAG_03149,701.0,701,701,1,1,9,CNAG_03149-t26_1,8,189584,191954,BRCA1-associated protein
FTC555,CNAG_03149,701.0,701,701,1,1,8,CNAG_03149-t26_1,8,189584,191954,BRCA1-associated protein
BT22,CNAG_03150,339.0,339,339,1,1,1,CNAG_03150-t26_1,8,192397,194048,solute carrier family 25 (mitochondrial folate transporter)
FTC555,CNAG_03150,339.0,339,339,1,1,1,CNAG_03150-t26_1,8,192397,194048,solute carrier family 25 (mitochondrial folate transporter)
BT22,CNAG_03151,457.0,457,457,1,1,4,CNAG_03151-t26_1,8,194236,196124,COP9 signalosome complex subunit 4
FTC555,CNAG_03151,457.0,457,457,1,1,5,CNAG_03151-t26_1,8,194236,196124,COP9 signalosome complex subunit 4
BT22,CNAG_03155,887.0,887,887,1,1,14,CNAG_03155-t26_1,8,203680,207147,ENTH domain-containing protein
FTC555,CNAG_03155,887.0,887,889,1,1,347,CNAG_03155-t26_1,8,203680,207147,ENTH domain-containing protein
BT22,CNAG_03158,465.0,465,465,1,1,11,CNAG_03158-t26_1,8,211670,214236,alpha-1
FTC555,CNAG_03158,465.0,465,465,1,1,10,CNAG_03158-t26_1,8,211670,214236,alpha-1
BT22,CNAG_03159,203.0,203,203,1,1,3,CNAG_03159-t26_1,8,213436,214439,cytoplasmic protein
FTC555,CNAG_03159,203.0,203,203,1,1,3,CNAG_03159-t26_1,8,213436,214439,cytoplasmic protein
BT22,CNAG_03160,814.0,814,815,1,1,594,CNAG_03160-t26_1,8,214637,219085,DNA cross-link repair 1A protein
BT22,CNAG_03160,814.0,814,815,1,1,594,CNAG_03160-t26_2,8,214637,219085,DNA cross-link repair 1A protein
FTC555,CNAG_03160,814.0,814,815,1,1,592,CNAG_03160-t26_1,8,214637,219085,DNA cross-link repair 1A protein
FTC555,CNAG_03160,814.0,814,815,1,1,592,CNAG_03160-t26_2,8,214637,219085,DNA cross-link repair 1A protein
BT22,CNAG_03162,283.0,283,283,1,1,1,CNAG_03162-t26_1,8,222227,223482,vacuolar protein
FTC555,CNAG_03162,283.0,283,283,1,1,2,CNAG_03162-t26_1,8,222227,223482,vacuolar protein
BT22,CNAG_03167,523.0,523,523,1,1,2,CNAG_03167-t26_1,8,230927,233605,CAMK/CAMKL/CHK1 protein kinase
FTC555,CNAG_03167,523.0,523,32,1,22,13,CNAG_03167-t26_1,8,230927,233605,CAMK/CAMKL/CHK1 protein kinase
BT22,CNAG_03168,1055.0,1055,1055,1,1,11,CNAG_03168-t26_1,8,233548,237099,sulfite reductase (NADPH) flavoprotein alpha- component
FTC555,CNAG_03168,1055.0,1055,1055,1,1,12,CNAG_03168-t26_1,8,233548,237099,sulfite reductase (NADPH) flavoprotein alpha- component
BT22,CNAG_03171,1121.0,1121,1121,1,1,21,CNAG_03171-t26_1,8,241538,245801,WEE protein kinase
FTC555,CNAG_03171,1121.0,1121,1121,1,1,21,CNAG_03171-t26_1,8,241538,245801,WEE protein kinase
BT22,CNAG_03173,1276.0,1276,1276,1,1,14,CNAG_03173-t26_1,8,248645,253983,DNA damage-binding protein 1
FTC555,CNAG_03173,1276.0,1276,1276,1,1,14,CNAG_03173-t26_1,8,248645,253983,DNA damage-binding protein 1
BT22,CNAG_03174,264.0,264,264,1,1,8,CNAG_03174-t26_1,8,253821,255003,4'-phosphopantetheinyl transferase
FTC555,CNAG_03174,264.0,264,264,1,1,8,CNAG_03174-t26_1,8,253821,255003,4'-phosphopantetheinyl transferase
BT22,CNAG_03176,578.0,578,578,1,1,8,CNAG_03176-t26_1,8,256829,259172,endoplasmic oxidoreductin 1
FTC555,CNAG_03176,578.0,578,578,1,1,8,CNAG_03176-t26_1,8,256829,259172,endoplasmic oxidoreductin 1
BT22,CNAG_03182,280.0,280,280,1,1,0,CNAG_03182-t26_1,8,275661,276934,U4/U6.U5 tri-snRNP-associated protein 3
FTC555,CNAG_03182,280.0,280,280,1,1,1,CNAG_03182-t26_1,8,275661,276934,U4/U6.U5 tri-snRNP-associated protein 3
BT22,CNAG_03183,1006.0,1006,1006,1,1,1,CNAG_03183-t26_1,8,276834,280488,nuclear protein
FTC555,CNAG_03183,1006.0,1006,1006,1,1,2,CNAG_03183-t26_1,8,276834,280488,nuclear protein
BT22,CNAG_03184,1292.0,1292,1292,1,1,10,CNAG_03184-t26_1,8,280906,285117,BUB protein kinase
FTC555,CNAG_03184,1292.0,1292,1292,1,1,12,CNAG_03184-t26_1,8,280906,285117,BUB protein kinase
BT22,CNAG_03185,213.0,213,213,1,1,4,CNAG_03185-t26_1,8,285412,286417,low temperature-responsive protein
FTC555,CNAG_03185,213.0,213,213,1,1,3,CNAG_03185-t26_1,8,285412,286417,low temperature-responsive protein
BT22,CNAG_03186,264.0,264,264,1,1,1,CNAG_03186-t26_1,8,286555,288215,THO complex subunit 4
FTC555,CNAG_03186,264.0,264,264,1,1,1,CNAG_03186-t26_1,8,286555,288215,THO complex subunit 4
BT22,CNAG_03187,533.0,533,533,1,1,7,CNAG_03187-t26_1,8,288229,290454,Protoporphyrinogen oxidase
FTC555,CNAG_03187,533.0,533,533,1,1,7,CNAG_03187-t26_1,8,288229,290454,Protoporphyrinogen oxidase
BT22,CNAG_03188,836.0,836,837,1,1,36,CNAG_03188-t26_1,8,288782,293642,histone-lysine N-methyltransferase
FTC555,CNAG_03188,836.0,836,837,1,1,37,CNAG_03188-t26_1,8,288782,293642,histone-lysine N-methyltransferase
BT22,CNAG_03189,1156.0,1156,1156,1,1,20,CNAG_03189-t26_1,8,293727,298136,DIL and Ankyrin domain-containing protein
FTC555,CNAG_03189,1156.0,1156,1156,1,1,19,CNAG_03189-t26_1,8,293727,298136,DIL and Ankyrin domain-containing protein
BT22,CNAG_03190,741.0,741,741,1,1,0,CNAG_03190-t26_1,8,299430,302461,CCR4-NOT transcription complex subunit
FTC555,CNAG_03190,741.0,741,741,1,1,0,CNAG_03190-t26_1,8,299430,302461,CCR4-NOT transcription complex subunit
BT22,CNAG_03192,504.0,504,504,1,1,7,CNAG_03192-t26_2,8,305386,308312,tRNA-specific adenosine deaminase 1
BT22,CNAG_03192,492.0,492,492,1,1,6,CNAG_03192-t26_1,8,305386,308312,tRNA-specific adenosine deaminase 1
FTC555,CNAG_03192,504.0,504,501,1,1,414,CNAG_03192-t26_2,8,305386,308312,tRNA-specific adenosine deaminase 1
FTC555,CNAG_03192,492.0,492,491,1,1,405,CNAG_03192-t26_1,8,305386,308312,tRNA-specific adenosine deaminase 1
BT22,CNAG_03194,425.0,425,425,1,1,2,CNAG_03194-t26_2,8,311137,313233,Saccharopine dehydrogenase
BT22,CNAG_03194,425.0,425,425,1,1,2,CNAG_03194-t26_1,8,311137,313233,Saccharopine dehydrogenase
FTC555,CNAG_03194,425.0,425,425,1,1,3,CNAG_03194-t26_2,8,311137,313233,Saccharopine dehydrogenase
FTC555,CNAG_03194,425.0,425,425,1,1,3,CNAG_03194-t26_1,8,311137,313233,Saccharopine dehydrogenase
BT22,CNAG_03196,225.0,225,225,1,1,1,CNAG_03196-t26_1,8,315068,315987,Orotate phosphoribosyltransferase
FTC555,CNAG_03196,225.0,225,225,1,1,1,CNAG_03196-t26_1,8,315068,315987,Orotate phosphoribosyltransferase
BT22,CNAG_03198,208.0,208,208,1,1,0,CNAG_03198-t26_1,8,318077,321133,small subunit ribosomal protein S8e
FTC555,CNAG_03198,208.0,208,208,1,1,0,CNAG_03198-t26_1,8,318077,321133,small subunit ribosomal protein S8e
BT22,CNAG_03199,374.0,374,374,1,1,1,CNAG_03199-t26_2,8,319487,321580,FAD dependent oxidoreductase
BT22,CNAG_03199,495.0,495,495,1,1,2,CNAG_03199-t26_1,8,319487,321580,FAD dependent oxidoreductase
FTC555,CNAG_03199,374.0,374,374,1,1,1,CNAG_03199-t26_2,8,319487,321580,FAD dependent oxidoreductase
FTC555,CNAG_03199,495.0,495,495,1,1,2,CNAG_03199-t26_1,8,319487,321580,FAD dependent oxidoreductase
BT22,CNAG_03202,2309.0,2309,2309,1,1,14,CNAG_03202-t26_1,8,329991,338255,Adenylate cyclase
FTC555,CNAG_03202,2309.0,2309,2309,1,1,17,CNAG_03202-t26_1,8,329991,338255,Adenylate cyclase
BT22,CNAG_03203,286.0,286,286,1,1,4,CNAG_03203-t26_1,8,338259,339840,DNA polymerase epsilon p12 subunit
FTC555,CNAG_03203,286.0,286,286,1,1,2,CNAG_03203-t26_1,8,338259,339840,DNA polymerase epsilon p12 subunit
BT22,CNAG_03205,618.0,618,618,1,1,5,CNAG_03205-t26_1,8,341723,343845,ATP-dependent RNA helicase ROK1
FTC555,CNAG_03205,618.0,618,618,1,1,5,CNAG_03205-t26_1,8,341723,343845,ATP-dependent RNA helicase ROK1
BT22,CNAG_03206,452.0,452,452,1,1,13,CNAG_03206-t26_1,8,343980,345595,endonuclease III
FTC555,CNAG_03206,452.0,452,452,1,1,13,CNAG_03206-t26_1,8,343980,345595,endonuclease III
BT22,CNAG_03210,391.0,391,391,1,1,2,CNAG_03210-t26_2,8,352724,354370,SAGA-associated factor 73
BT22,CNAG_03210,391.0,391,391,1,1,2,CNAG_03210-t26_1,8,352724,354370,SAGA-associated factor 73
FTC555,CNAG_03210,391.0,391,391,1,1,2,CNAG_03210-t26_2,8,352724,354370,SAGA-associated factor 73
FTC555,CNAG_03210,391.0,391,391,1,1,2,CNAG_03210-t26_1,8,352724,354370,SAGA-associated factor 73
BT22,CNAG_03212,597.0,597,597,1,1,3,CNAG_03212-t26_1,8,356692,359003,forkhead domain-containing protein
FTC555,CNAG_03212,597.0,597,597,1,1,3,CNAG_03212-t26_1,8,356692,359003,forkhead domain-containing protein
BT22,CNAG_03213,645.0,645,645,1,1,15,CNAG_03213-t26_1,8,359460,362341,UV damage endonuclease UvdE
BT22,CNAG_03213,661.0,661,661,1,1,17,CNAG_03213-t26_2,8,359460,362341,UV damage endonuclease UvdE
FTC555,CNAG_03213,645.0,645,645,1,1,15,CNAG_03213-t26_1,8,359460,362341,UV damage endonuclease UvdE
FTC555,CNAG_03213,661.0,661,661,1,1,17,CNAG_03213-t26_2,8,359460,362341,UV damage endonuclease UvdE
BT22,CNAG_03214,637.0,637,637,1,1,20,CNAG_03214-t26_1,8,362573,364936,tRNA (uracil-O(2)-)-methyltransferase
FTC555,CNAG_03214,637.0,637,637,1,1,19,CNAG_03214-t26_1,8,362573,364936,tRNA (uracil-O(2)-)-methyltransferase
BT22,CNAG_03216,909.0,909,909,1,1,8,CNAG_03216-t26_1,8,367550,370605,CAMK protein kinase
FTC555,CNAG_03216,909.0,909,909,1,1,8,CNAG_03216-t26_1,8,367550,370605,CAMK protein kinase
BT22,CNAG_03221,61.0,61,61,1,1,0,CNAG_03221-t26_1,8,379943,380788,large subunit ribosomal protein L29
FTC555,CNAG_03221,61.0,61,61,1,1,0,CNAG_03221-t26_1,8,379943,380788,large subunit ribosomal protein L29
BT22,CNAG_03222,605.0,605,605,1,1,12,CNAG_03222-t26_1,8,381001,383875,RNA lariat debranching enzyme
FTC555,CNAG_03222,605.0,605,605,1,1,12,CNAG_03222-t26_1,8,381001,383875,RNA lariat debranching enzyme
BT22,CNAG_03225,338.0,338,338,1,1,0,CNAG_03225-t26_1,8,387181,389066,malate dehydrogenase
FTC555,CNAG_03225,338.0,338,338,1,1,0,CNAG_03225-t26_1,8,387181,389066,malate dehydrogenase
BT22,CNAG_03226,280.0,280,280,1,1,0,CNAG_03226-t26_1,8,389156,390815,succinate dehydrogenase [ubiquinone] iron-sulfur subunit
FTC555,CNAG_03226,280.0,280,280,1,1,1,CNAG_03226-t26_1,8,389156,390815,succinate dehydrogenase [ubiquinone] iron-sulfur subunit
BT22,CNAG_03228,347.0,347,347,1,1,5,CNAG_03228-t26_1,8,393461,397133,universal stress protein
FTC555,CNAG_03228,347.0,347,347,1,1,5,CNAG_03228-t26_1,8,393461,397133,universal stress protein
BT22,CNAG_03229,439.0,439,439,1,1,25,CNAG_03229-t26_1,8,394995,397162,specific transcriptional repressor
FTC555,CNAG_03229,439.0,439,439,1,1,25,CNAG_03229-t26_1,8,394995,397162,specific transcriptional repressor
BT22,CNAG_03230,96.0,96,96,1,1,0,CNAG_03230-t26_2,8,397422,398981,yippee-like
BT22,CNAG_03230,132.0,132,132,1,1,0,CNAG_03230-t26_1,8,397422,398981,yippee-like
FTC555,CNAG_03230,96.0,96,96,1,1,0,CNAG_03230-t26_2,8,397422,398981,yippee-like
FTC555,CNAG_03230,132.0,132,132,1,1,0,CNAG_03230-t26_1,8,397422,398981,yippee-like
BT22,CNAG_03232,331.0,331,331,1,1,0,CNAG_03232-t26_1,8,402033,403574,lactamase
FTC555,CNAG_03232,331.0,331,331,1,1,0,CNAG_03232-t26_1,8,402033,403574,lactamase
BT22,CNAG_03233,134.0,134,134,1,1,0,CNAG_03233-t26_1,8,404166,405465,yippee-like
FTC555,CNAG_03233,134.0,134,134,1,1,0,CNAG_03233-t26_1,8,404166,405465,yippee-like
BT22,CNAG_03234,1078.0,1078,1078,1,1,22,CNAG_03234-t26_1,8,405663,409601,cell wall surface anchor protein
BT22,CNAG_03234,1043.0,1043,1043,1,1,20,CNAG_03234-t26_2,8,405663,409601,cell wall surface anchor protein
FTC555,CNAG_03234,1078.0,1078,1078,1,1,19,CNAG_03234-t26_1,8,405663,409601,cell wall surface anchor protein
FTC555,CNAG_03234,1043.0,1043,1043,1,1,16,CNAG_03234-t26_2,8,405663,409601,cell wall surface anchor protein
BT22,CNAG_03235,777.0,777,774,1,1,180,CNAG_03235-t26_1,8,409496,412591,THO complex subunit 1
FTC555,CNAG_03235,777.0,777,777,1,1,10,CNAG_03235-t26_1,8,409496,412591,THO complex subunit 1
BT22,CNAG_03236,216.0,216,216,1,1,0,CNAG_03236-t26_1,8,412713,413648,AMME syndrome candidate protein
FTC555,CNAG_03236,216.0,216,216,1,1,0,CNAG_03236-t26_1,8,412713,413648,AMME syndrome candidate protein
BT22,CNAG_03238,323.0,323,323,1,1,6,CNAG_03238-t26_1,8,414985,416364,dioxygenase subfamily protein
FTC555,CNAG_03238,323.0,323,323,1,1,6,CNAG_03238-t26_1,8,414985,416364,dioxygenase subfamily protein
BT22,CNAG_03240,865.0,865,864,1,1,63,CNAG_03240-t26_1,8,419423,422891,Mannosyl-oligosaccharide 1
FTC555,CNAG_03240,865.0,865,864,1,1,63,CNAG_03240-t26_1,8,419423,422891,Mannosyl-oligosaccharide 1
BT22,CNAG_03242,323.0,323,323,1,1,3,CNAG_03242-t26_1,8,427403,429503,solute carrier family 25 (peroxisomal adenine nucleotide transporter)
FTC555,CNAG_03242,323.0,323,323,1,1,2,CNAG_03242-t26_1,8,427403,429503,solute carrier family 25 (peroxisomal adenine nucleotide transporter)
BT22,CNAG_03243,345.0,345,345,1,1,0,CNAG_03243-t26_1,8,429873,431815,2-Nitropropane dioxygenase
FTC555,CNAG_03243,345.0,345,345,1,1,0,CNAG_03243-t26_1,8,429873,431815,2-Nitropropane dioxygenase
BT22,CNAG_03245,504.0,504,504,1,1,1,CNAG_03245-t26_1,8,433481,435795,glucose-6-phosphate dehydrogenase
FTC555,CNAG_03245,504.0,504,504,1,1,1,CNAG_03245-t26_1,8,433481,435795,glucose-6-phosphate dehydrogenase
BT22,CNAG_03246,365.0,365,365,1,1,1,CNAG_03246-t26_1,8,437045,438642,18S rRNA biogenesis protein RCL1
FTC555,CNAG_03246,365.0,365,365,1,1,2,CNAG_03246-t26_1,8,437045,438642,18S rRNA biogenesis protein RCL1
BT22,CNAG_03247,1245.0,1245,1245,1,1,19,CNAG_03247-t26_1,8,438832,443768,sterol 3beta-glucosyltransferase
BT22,CNAG_03247,1237.0,1237,1237,1,1,19,CNAG_03247-t26_2,8,438832,443768,sterol 3beta-glucosyltransferase
FTC555,CNAG_03247,1245.0,1245,1245,1,1,15,CNAG_03247-t26_1,8,438832,443768,sterol 3beta-glucosyltransferase
FTC555,CNAG_03247,1237.0,1237,1237,1,1,15,CNAG_03247-t26_2,8,438832,443768,sterol 3beta-glucosyltransferase
BT22,CNAG_03248,465.0,465,465,1,1,2,CNAG_03248-t26_1,8,444218,446594,rho GTPase activator
FTC555,CNAG_03248,465.0,465,465,1,1,2,CNAG_03248-t26_1,8,444218,446594,rho GTPase activator
BT22,CNAG_03249,200.0,200,200,1,1,0,CNAG_03249-t26_1,8,446630,448153,THO complex subunit 4
FTC555,CNAG_03249,200.0,200,200,1,1,0,CNAG_03249-t26_1,8,446630,448153,THO complex subunit 4
BT22,CNAG_03251,182.0,182,182,1,1,0,CNAG_03251-t26_1,8,449604,451161,ADP-ribosylation factor
FTC555,CNAG_03251,182.0,182,182,1,1,0,CNAG_03251-t26_1,8,449604,451161,ADP-ribosylation factor
BT22,CNAG_03258,613.0,613,613,1,1,0,CNAG_03258-t26_1,8,505242,508279,AGC protein kinase
BT22,CNAG_03258,613.0,613,613,1,1,0,CNAG_03258-t26_2,8,505242,508279,AGC protein kinase
BT22,CNAG_03258,613.0,613,613,1,1,0,CNAG_03258-t26_3,8,505242,508279,AGC protein kinase
FTC555,CNAG_03258,613.0,613,613,1,1,3,CNAG_03258-t26_1,8,505242,508279,AGC protein kinase
FTC555,CNAG_03258,613.0,613,613,1,1,3,CNAG_03258-t26_2,8,505242,508279,AGC protein kinase
FTC555,CNAG_03258,613.0,613,613,1,1,3,CNAG_03258-t26_3,8,505242,508279,AGC protein kinase
BT22,CNAG_03260,237.0,237,237,1,1,1,CNAG_03260-t26_1,8,510550,511430,large subunit ribosomal protein L6
FTC555,CNAG_03260,237.0,237,237,1,1,1,CNAG_03260-t26_1,8,510550,511430,large subunit ribosomal protein L6
BT22,CNAG_03261,299.0,299,299,1,1,2,CNAG_03261-t26_1,8,511566,512954,zinc finger protein
FTC555,CNAG_03261,299.0,299,299,1,1,2,CNAG_03261-t26_1,8,511566,512954,zinc finger protein
BT22,CNAG_03262,311.0,311,311,1,1,0,CNAG_03262-t26_1,8,512884,514596,myo-inositol-1(or 4)-monophosphatase
FTC555,CNAG_03262,311.0,311,311,1,1,0,CNAG_03262-t26_1,8,512884,514596,myo-inositol-1(or 4)-monophosphatase
BT22,CNAG_03263,464.0,464,464,1,1,0,CNAG_03263-t26_1,8,514736,516621,translation elongation factor Tu
FTC555,CNAG_03263,464.0,464,464,1,1,0,CNAG_03263-t26_1,8,514736,516621,translation elongation factor Tu
BT22,CNAG_03266,336.0,336,336,1,1,0,CNAG_03266-t26_1,8,522539,524448,malate dehydrogenase
FTC555,CNAG_03266,336.0,336,336,1,1,0,CNAG_03266-t26_1,8,522539,524448,malate dehydrogenase
BT22,CNAG_03267,597.0,597,597,1,1,4,CNAG_03267-t26_1,8,524684,527266,splicing factor 3B subunit 2
FTC555,CNAG_03267,597.0,597,597,1,1,3,CNAG_03267-t26_1,8,524684,527266,splicing factor 3B subunit 2
BT22,CNAG_03269,530.0,530,530,1,1,5,CNAG_03269-t26_1,8,529322,532162,Aldehyde dehydrogenase
FTC555,CNAG_03269,530.0,530,530,1,1,7,CNAG_03269-t26_1,8,529322,532162,Aldehyde dehydrogenase
BT22,CNAG_03270,479.0,479,479,1,1,0,CNAG_03270-t26_1,8,532300,534800,Adenylosuccinate lyase
FTC555,CNAG_03270,479.0,479,479,1,1,0,CNAG_03270-t26_1,8,532300,534800,Adenylosuccinate lyase
BT22,CNAG_03271,473.0,473,473,1,1,1,CNAG_03271-t26_1,8,534078,536408,pre-mRNA-splicing factor prp46
FTC555,CNAG_03271,473.0,473,473,1,1,0,CNAG_03271-t26_1,8,534078,536408,pre-mRNA-splicing factor prp46
BT22,CNAG_03273,1728.0,1728,1728,1,1,16,CNAG_03273-t26_1,8,538771,545243,transcription initiation factor TFIID subunit 2
FTC555,CNAG_03273,1728.0,1728,1728,1,1,9,CNAG_03273-t26_1,8,538771,545243,transcription initiation factor TFIID subunit 2
BT22,CNAG_03274,308.0,308,308,1,1,3,CNAG_03274-t26_1,8,545179,546826,solute carrier family 25 (mitochondrial S- adenosylmethionine transporter)
FTC555,CNAG_03274,308.0,308,308,1,1,3,CNAG_03274-t26_1,8,545179,546826,solute carrier family 25 (mitochondrial S- adenosylmethionine transporter)
BT22,CNAG_03275,424.0,424,424,1,1,3,CNAG_03275-t26_2,8,545792,548615,glutaryl-CoA dehydrogenase
BT22,CNAG_03275,424.0,424,424,1,1,3,CNAG_03275-t26_1,8,545792,548615,glutaryl-CoA dehydrogenase
FTC555,CNAG_03275,424.0,424,424,1,1,4,CNAG_03275-t26_2,8,545792,548615,glutaryl-CoA dehydrogenase
FTC555,CNAG_03275,424.0,424,424,1,1,4,CNAG_03275-t26_1,8,545792,548615,glutaryl-CoA dehydrogenase
BT22,CNAG_03280,384.0,384,384,1,1,1,CNAG_03280-t26_2,8,557495,559443,dihydrodipicolinate synthetase
BT22,CNAG_03280,384.0,384,384,1,1,1,CNAG_03280-t26_1,8,557495,559443,dihydrodipicolinate synthetase
FTC555,CNAG_03280,384.0,384,384,1,1,1,CNAG_03280-t26_2,8,557495,559443,dihydrodipicolinate synthetase
FTC555,CNAG_03280,384.0,384,384,1,1,1,CNAG_03280-t26_1,8,557495,559443,dihydrodipicolinate synthetase
BT22,CNAG_03281,160.0,160,160,1,1,0,CNAG_03281-t26_1,8,559215,561262,glycine-rich RNA binding protein
BT22,CNAG_03281,210.0,210,152,1,1,0,CNAG_03281-t26_3,8,559215,561262,glycine-rich RNA binding protein
BT22,CNAG_03281,181.0,181,181,1,1,0,CNAG_03281-t26_2,8,559215,561262,glycine-rich RNA binding protein
FTC555,CNAG_03281,160.0,160,160,1,1,0,CNAG_03281-t26_1,8,559215,561262,glycine-rich RNA binding protein
FTC555,CNAG_03281,210.0,210,152,1,1,0,CNAG_03281-t26_3,8,559215,561262,glycine-rich RNA binding protein
FTC555,CNAG_03281,181.0,181,181,1,1,0,CNAG_03281-t26_2,8,559215,561262,glycine-rich RNA binding protein
BT22,CNAG_03283,150.0,150,150,1,1,0,CNAG_03283-t26_1,8,563358,564500,large subunit ribosomal protein L24e
FTC555,CNAG_03283,150.0,150,150,1,1,0,CNAG_03283-t26_1,8,563358,564500,large subunit ribosomal protein L24e
BT22,CNAG_03284,403.0,403,403,1,1,7,CNAG_03284-t26_1,8,564445,566037,rRNA biogenesis protein RRP36
FTC555,CNAG_03284,403.0,403,403,1,1,8,CNAG_03284-t26_1,8,564445,566037,rRNA biogenesis protein RRP36
BT22,CNAG_03287,238.0,238,238,1,1,0,CNAG_03287-t26_1,8,569221,570268,28 kda golgi snare protein
FTC555,CNAG_03287,238.0,238,238,1,1,0,CNAG_03287-t26_1,8,569221,570268,28 kda golgi snare protein
BT22,CNAG_03288,513.0,513,513,1,1,0,CNAG_03288-t26_1,8,569940,572352,membrane protein
FTC555,CNAG_03288,513.0,513,513,1,1,0,CNAG_03288-t26_1,8,569940,572352,membrane protein
BT22,CNAG_03289,445.0,445,445,1,1,1,CNAG_03289-t26_1,8,573411,575693,methionine aminopeptidase
FTC555,CNAG_03289,445.0,445,445,1,1,2,CNAG_03289-t26_1,8,573411,575693,methionine aminopeptidase
BT22,CNAG_03290,517.0,517,517,1,1,2,CNAG_03290-t26_1,8,574346,578118,ste/ste20/ysk protein kinase
FTC555,CNAG_03290,517.0,517,517,1,1,2,CNAG_03290-t26_1,8,574346,578118,ste/ste20/ysk protein kinase
BT22,CNAG_03293,214.0,214,214,1,1,1,CNAG_03293-t26_1,8,585084,585990,pre-rRNA-processing protein TSR2
FTC555,CNAG_03293,214.0,214,214,1,1,2,CNAG_03293-t26_1,8,585084,585990,pre-rRNA-processing protein TSR2
BT22,CNAG_03296,281.0,281,281,1,1,0,CNAG_03296-t26_1,8,593059,594830,tyrosine specific protein phosphatase
FTC555,CNAG_03296,281.0,281,281,1,1,0,CNAG_03296-t26_1,8,593059,594830,tyrosine specific protein phosphatase
BT22,CNAG_03297,435.0,435,435,1,1,1,CNAG_03297-t26_1,8,594333,596355,histone acetyltransferase type B subunit 2
FTC555,CNAG_03297,435.0,435,435,1,1,2,CNAG_03297-t26_1,8,594333,596355,histone acetyltransferase type B subunit 2
BT22,CNAG_03299,952.0,952,952,1,1,0,CNAG_03299-t26_1,8,597582,601233,coatomer beta subunit
FTC555,CNAG_03299,952.0,952,952,1,1,3,CNAG_03299-t26_1,8,597582,601233,coatomer beta subunit
BT22,CNAG_03300,353.0,353,353,1,1,3,CNAG_03300-t26_1,8,601363,602822,ribosomal RNA-processing protein 1
FTC555,CNAG_03300,353.0,353,353,1,1,3,CNAG_03300-t26_1,8,601363,602822,ribosomal RNA-processing protein 1
BT22,CNAG_03301,99.0,99,99,1,1,0,CNAG_03301-t26_1,8,602771,603577,mitochondrial import inner membrane translocase subunit TIM13
FTC555,CNAG_03301,99.0,99,99,1,1,0,CNAG_03301-t26_1,8,602771,603577,mitochondrial import inner membrane translocase subunit TIM13
BT22,CNAG_03302,604.0,604,604,1,1,6,CNAG_03302-t26_1,8,603700,605860,protein LTV1
FTC555,CNAG_03302,604.0,604,604,1,1,7,CNAG_03302-t26_1,8,603700,605860,protein LTV1
BT22,CNAG_03303,83.0,83,83,1,1,0,CNAG_03303-t26_1,8,606026,607715,small subunit ribosomal protein S27
FTC555,CNAG_03303,83.0,83,83,1,1,0,CNAG_03303-t26_1,8,606026,607715,small subunit ribosomal protein S27
BT22,CNAG_03305,331.0,331,331,1,1,1,CNAG_03305-t26_1,8,609553,612070,calcium binding protein 39
FTC555,CNAG_03305,331.0,331,331,1,1,2,CNAG_03305-t26_1,8,609553,612070,calcium binding protein 39
BT22,CNAG_03306,229.0,229,229,1,1,0,CNAG_03306-t26_1,8,612173,613485,vesicle transport through interaction with t- SNAREs 1
FTC555,CNAG_03306,229.0,229,229,1,1,0,CNAG_03306-t26_1,8,612173,613485,vesicle transport through interaction with t- SNAREs 1
BT22,CNAG_03309,205.0,205,205,1,1,0,CNAG_03309-t26_1,8,620580,621435,pre-mRNA-splicing factor CWC21
FTC555,CNAG_03309,205.0,205,205,1,1,0,CNAG_03309-t26_1,8,620580,621435,pre-mRNA-splicing factor CWC21
BT22,CNAG_03310,300.0,300,300,1,1,7,CNAG_03310-t26_1,8,621618,622840,nicotinamide N-methyltransferase
FTC555,CNAG_03310,300.0,300,300,1,1,7,CNAG_03310-t26_1,8,621618,622840,nicotinamide N-methyltransferase
BT22,CNAG_03311,490.0,490,490,1,1,0,CNAG_03311-t26_1,8,622784,624862,hydroxymethylglutaryl-CoA synthase
FTC555,CNAG_03311,490.0,490,490,1,1,0,CNAG_03311-t26_1,8,622784,624862,hydroxymethylglutaryl-CoA synthase
BT22,CNAG_03314,861.0,861,861,1,1,7,CNAG_03314-t26_1,8,628478,631904,YTH domain family 2
BT22,CNAG_03314,866.0,866,866,1,1,7,CNAG_03314-t26_2,8,628478,631904,YTH domain family 2
FTC555,CNAG_03314,861.0,861,861,1,1,6,CNAG_03314-t26_1,8,628478,631904,YTH domain family 2
FTC555,CNAG_03314,866.0,866,866,1,1,6,CNAG_03314-t26_2,8,628478,631904,YTH domain family 2
BT22,CNAG_03315,197.0,197,197,1,1,0,CNAG_03315-t26_1,8,631946,633223,GTP-binding protein rhoA
FTC555,CNAG_03315,197.0,197,197,1,1,0,CNAG_03315-t26_1,8,631946,633223,GTP-binding protein rhoA
BT22,CNAG_03316,196.0,196,196,1,1,0,CNAG_03316-t26_1,8,632496,634531,rho gdp-dissociation inhibitor
FTC555,CNAG_03316,196.0,196,196,1,1,0,CNAG_03316-t26_1,8,632496,634531,rho gdp-dissociation inhibitor
BT22,CNAG_03317,435.0,435,435,1,1,1,CNAG_03317-t26_1,8,634709,636607,AP-1 complex subunit mu-1
FTC555,CNAG_03317,435.0,435,435,1,1,1,CNAG_03317-t26_1,8,634709,636607,AP-1 complex subunit mu-1
BT22,CNAG_03319,1087.0,1087,1087,1,1,10,CNAG_03319-t26_1,8,637912,641644,phospholipid binding protein
FTC555,CNAG_03319,1087.0,1087,1087,1,1,11,CNAG_03319-t26_1,8,637912,641644,phospholipid binding protein
BT22,CNAG_03320,402.0,402,402,1,1,1,CNAG_03320-t26_1,8,640512,643421,Mannose-1-phosphate guanylyltransferase
FTC555,CNAG_03320,402.0,402,402,1,1,0,CNAG_03320-t26_1,8,640512,643421,Mannose-1-phosphate guanylyltransferase
BT22,CNAG_03321,737.0,737,737,1,1,14,CNAG_03321-t26_1,8,643231,646228,vacuolar protein sorting-associated protein 9
FTC555,CNAG_03321,737.0,737,737,1,1,13,CNAG_03321-t26_1,8,643231,646228,vacuolar protein sorting-associated protein 9
BT22,CNAG_03322,410.0,410,410,1,1,1,CNAG_03322-t26_1,8,646312,648228,UDP-glucuronate decarboxylase
FTC555,CNAG_03322,410.0,410,410,1,1,1,CNAG_03322-t26_1,8,646312,648228,UDP-glucuronate decarboxylase
BT22,CNAG_03325,697.0,697,697,1,1,4,CNAG_03325-t26_1,8,651584,654822,ChAPs family protein
FTC555,CNAG_03325,697.0,697,697,1,1,5,CNAG_03325-t26_1,8,651584,654822,ChAPs family protein
BT22,CNAG_03326,942.0,942,942,1,1,5,CNAG_03326-t26_1,8,655318,659025,Chitin synthase
FTC555,CNAG_03326,942.0,942,942,1,1,4,CNAG_03326-t26_1,8,655318,659025,Chitin synthase
BT22,CNAG_03329,538.0,538,539,1,1,437,CNAG_03329-t26_1,8,662898,664806,PHD-finger protein
FTC555,CNAG_03329,538.0,538,539,1,1,437,CNAG_03329-t26_1,8,662898,664806,PHD-finger protein
BT22,CNAG_03330,503.0,503,503,1,1,5,CNAG_03330-t26_1,8,664883,666765,RecQ-mediated genome instability protein 1
FTC555,CNAG_03330,503.0,503,503,1,1,4,CNAG_03330-t26_1,8,664883,666765,RecQ-mediated genome instability protein 1
BT22,CNAG_03331,526.0,526,526,1,1,1,CNAG_03331-t26_1,8,666806,668864,Phosphatidylserine decarboxylase
FTC555,CNAG_03331,526.0,526,526,1,1,1,CNAG_03331-t26_1,8,666806,668864,Phosphatidylserine decarboxylase
BT22,CNAG_03332,347.0,347,347,1,1,0,CNAG_03332-t26_1,8,668750,670216,replication factor C subunit 2/4
FTC555,CNAG_03332,347.0,347,347,1,1,0,CNAG_03332-t26_1,8,668750,670216,replication factor C subunit 2/4
BT22,CNAG_03333,877.0,877,877,1,1,6,CNAG_03333-t26_1,8,670560,673656,cytoplasmic protein
FTC555,CNAG_03333,877.0,877,877,1,1,6,CNAG_03333-t26_1,8,670560,673656,cytoplasmic protein
BT22,CNAG_03339,495.0,495,496,1,0,6,CNAG_03339-t26_1,8,684296,687151,biotin transporter
BT22,CNAG_03339,492.0,492,493,1,0,6,CNAG_03339-t26_2,8,684296,687151,biotin transporter
FTC555,CNAG_03339,495.0,495,496,1,0,7,CNAG_03339-t26_1,8,684296,687151,biotin transporter
FTC555,CNAG_03339,492.0,492,493,1,0,7,CNAG_03339-t26_2,8,684296,687151,biotin transporter
BT22,CNAG_03340,367.0,367,367,1,1,6,CNAG_03340-t26_1,8,687604,689319,flavonol synthase
FTC555,CNAG_03340,367.0,367,367,1,1,3,CNAG_03340-t26_1,8,687604,689319,flavonol synthase
BT22,CNAG_03341,932.0,932,932,1,1,0,CNAG_03341-t26_1,8,689348,692557,minichromosome maintenance protein 2
FTC555,CNAG_03341,932.0,932,932,1,1,2,CNAG_03341-t26_1,8,689348,692557,minichromosome maintenance protein 2
BT22,CNAG_03342,569.0,569,569,1,1,10,CNAG_03342-t26_1,8,692706,694766,tRNA (guanine-N(7)-)-methyltransferase subunit TRM82
FTC555,CNAG_03342,569.0,569,569,1,1,8,CNAG_03342-t26_1,8,692706,694766,tRNA (guanine-N(7)-)-methyltransferase subunit TRM82
BT22,CNAG_03345,1609.0,1609,1609,1,1,1,CNAG_03345-t26_1,8,696583,704402,putative translational repressor
BT22,CNAG_03345,1670.0,1670,1670,1,1,1,CNAG_03345-t26_2,8,696583,704402,putative translational repressor
FTC555,CNAG_03345,1609.0,1609,1609,1,1,1,CNAG_03345-t26_1,8,696583,704402,putative translational repressor
FTC555,CNAG_03345,1670.0,1670,1670,1,1,1,CNAG_03345-t26_2,8,696583,704402,putative translational repressor
BT22,CNAG_03346,341.0,341,341,1,1,1,CNAG_03346-t26_1,8,706174,708222,bZip transcription factor
FTC555,CNAG_03346,341.0,341,341,1,1,1,CNAG_03346-t26_1,8,706174,708222,bZip transcription factor
BT22,CNAG_03347,834.0,834,834,1,1,1,CNAG_03347-t26_1,8,711064,713892,ATP-dependent Clp protease ATP-binding subunit ClpB
FTC555,CNAG_03347,834.0,834,834,1,1,2,CNAG_03347-t26_1,8,711064,713892,ATP-dependent Clp protease ATP-binding subunit ClpB
BT22,CNAG_03349,615.0,615,615,1,1,1,CNAG_03349-t26_1,8,718250,721408,pre-mRNA-processing factor 17
FTC555,CNAG_03349,615.0,615,615,1,1,1,CNAG_03349-t26_1,8,718250,721408,pre-mRNA-processing factor 17
BT22,CNAG_03355,1838.0,1838,1838,1,1,4,CNAG_03355-t26_1,8,730288,738294,Two-component-like sensor kinase
FTC555,CNAG_03355,1838.0,1838,1838,1,1,4,CNAG_03355-t26_1,8,730288,738294,Two-component-like sensor kinase
BT22,CNAG_03358,417.0,417,417,1,1,0,CNAG_03358-t26_1,8,742046,744593,Phosphoglycerate kinase
FTC555,CNAG_03358,417.0,417,417,1,1,0,CNAG_03358-t26_1,8,742046,744593,Phosphoglycerate kinase
BT22,CNAG_03359,57.0,57,57,1,1,0,CNAG_03359-t26_1,8,744190,744760,cytochrome c oxidase subunit 7
FTC555,CNAG_03359,57.0,57,57,1,1,0,CNAG_03359-t26_1,8,744190,744760,cytochrome c oxidase subunit 7
BT22,CNAG_03366,738.0,738,738,1,1,7,CNAG_03366-t26_1,8,755992,763369,C2H2 type zinc finger transcription factor
BT22,CNAG_03366,738.0,738,738,1,1,7,CNAG_03366-t26_2,8,755992,763369,C2H2 type zinc finger transcription factor
FTC555,CNAG_03366,738.0,738,738,1,1,8,CNAG_03366-t26_1,8,755992,763369,C2H2 type zinc finger transcription factor
FTC555,CNAG_03366,738.0,738,738,1,1,8,CNAG_03366-t26_2,8,755992,763369,C2H2 type zinc finger transcription factor
BT22,CNAG_03367,578.0,578,578,1,1,3,CNAG_03367-t26_1,8,763309,765904,Uridine kinase
FTC555,CNAG_03367,578.0,578,578,1,1,4,CNAG_03367-t26_1,8,763309,765904,Uridine kinase
BT22,CNAG_03368,2208.0,2208,2208,1,1,15,CNAG_03368-t26_2,8,766081,774784,microtubule Associated protein
BT22,CNAG_03368,2208.0,2208,2208,1,1,15,CNAG_03368-t26_1,8,766081,774784,microtubule Associated protein
FTC555,CNAG_03368,2208.0,2208,2208,1,1,20,CNAG_03368-t26_2,8,766081,774784,microtubule Associated protein
FTC555,CNAG_03368,2208.0,2208,2208,1,1,20,CNAG_03368-t26_1,8,766081,774784,microtubule Associated protein
BT22,CNAG_03369,1172.0,1172,1172,1,1,9,CNAG_03369-t26_1,8,776302,780325,WEE protein kinase
FTC555,CNAG_03369,1172.0,1172,1172,1,1,7,CNAG_03369-t26_1,8,776302,780325,WEE protein kinase
BT22,CNAG_03370,190.0,190,190,1,1,0,CNAG_03370-t26_1,8,776577,781618,calcium-binding protein NCS-1
FTC555,CNAG_03370,190.0,190,190,1,1,0,CNAG_03370-t26_1,8,776577,781618,calcium-binding protein NCS-1
BT22,CNAG_03372,958.0,958,958,1,1,4,CNAG_03372-t26_1,8,784755,788129,vacuolar protein-sorting protein bro1
FTC555,CNAG_03372,958.0,958,958,1,1,4,CNAG_03372-t26_1,8,784755,788129,vacuolar protein-sorting protein bro1
BT22,CNAG_03374,218.0,218,218,1,1,1,CNAG_03374-t26_1,8,788910,789792,DNA replication complex GINS protein PSF1
FTC555,CNAG_03374,218.0,218,218,1,1,1,CNAG_03374-t26_1,8,788910,789792,DNA replication complex GINS protein PSF1
BT22,CNAG_03375,333.0,333,333,1,1,0,CNAG_03375-t26_1,8,789801,791500,Succinyl-CoA synthetase alpha subunit
FTC555,CNAG_03375,333.0,333,333,1,1,0,CNAG_03375-t26_1,8,789801,791500,Succinyl-CoA synthetase alpha subunit
BT22,CNAG_03376,731.0,731,731,1,1,1,CNAG_03376-t26_2,8,791460,795098,cytoplasmic protein
BT22,CNAG_03376,731.0,731,731,1,1,1,CNAG_03376-t26_1,8,791460,795098,cytoplasmic protein
FTC555,CNAG_03376,731.0,731,731,1,1,1,CNAG_03376-t26_2,8,791460,795098,cytoplasmic protein
FTC555,CNAG_03376,731.0,731,731,1,1,1,CNAG_03376-t26_1,8,791460,795098,cytoplasmic protein
BT22,CNAG_03378,623.0,623,623,1,1,4,CNAG_03378-t26_1,8,796408,799406,DNA binding protein
FTC555,CNAG_03378,623.0,623,623,1,1,4,CNAG_03378-t26_1,8,796408,799406,DNA binding protein
BT22,CNAG_03379,215.0,215,215,1,1,3,CNAG_03379-t26_1,8,799277,800906,N-acetyltransferase 5
FTC555,CNAG_03379,215.0,215,215,1,1,3,CNAG_03379-t26_1,8,799277,800906,N-acetyltransferase 5
BT22,CNAG_03385,369.0,369,369,1,1,2,CNAG_03385-t26_1,8,813284,815329,g1/s-specific cyclin pcl1
FTC555,CNAG_03385,369.0,369,369,1,1,2,CNAG_03385-t26_1,8,813284,815329,g1/s-specific cyclin pcl1
BT22,CNAG_03386,304.0,304,304,1,1,2,CNAG_03386-t26_1,8,815431,817304,solute carrier family 25 (mitochondrial carnitine/acylcarnitine transporter)
FTC555,CNAG_03386,304.0,304,304,1,1,2,CNAG_03386-t26_1,8,815431,817304,solute carrier family 25 (mitochondrial carnitine/acylcarnitine transporter)
BT22,CNAG_03388,539.0,539,539,1,1,4,CNAG_03388-t26_1,8,820127,823691,nuclear protein
FTC555,CNAG_03388,539.0,539,539,1,1,3,CNAG_03388-t26_1,8,820127,823691,nuclear protein
BT22,CNAG_03389,432.0,432,432,1,1,2,CNAG_03389-t26_1,8,824976,827276,alpha-ketoglutarate catabolism dioxygenase
FTC555,CNAG_03389,432.0,432,432,1,1,1,CNAG_03389-t26_1,8,824976,827276,alpha-ketoglutarate catabolism dioxygenase
BT22,CNAG_03390,803.0,803,803,1,1,2,CNAG_03390-t26_1,8,827771,830797,AAA family ATPase
FTC555,CNAG_03390,803.0,803,803,1,1,2,CNAG_03390-t26_1,8,827771,830797,AAA family ATPase
BT22,CNAG_03391,471.0,471,471,1,1,6,CNAG_03391-t26_1,8,830734,832424,mitochondrial inner membrane protein
FTC555,CNAG_03391,471.0,471,471,1,1,6,CNAG_03391-t26_1,8,830734,832424,mitochondrial inner membrane protein
BT22,CNAG_03392,1150.0,1150,1150,1,1,12,CNAG_03392-t26_1,8,832538,837616,DNA supercoiling protein
FTC555,CNAG_03392,1150.0,1150,1150,1,1,11,CNAG_03392-t26_1,8,832538,837616,DNA supercoiling protein
BT22,CNAG_03393,376.0,376,376,1,1,2,CNAG_03393-t26_1,8,836770,838322,acyl-CoA thioesterase II
FTC555,CNAG_03393,376.0,376,376,1,1,2,CNAG_03393-t26_1,8,836770,838322,acyl-CoA thioesterase II
BT22,CNAG_03395,309.0,309,309,1,1,3,CNAG_03395-t26_1,8,840483,841794,NifU-like protein c
FTC555,CNAG_03395,309.0,309,309,1,1,3,CNAG_03395-t26_1,8,840483,841794,NifU-like protein c
BT22,CNAG_03396,474.0,474,474,1,1,1,CNAG_03396-t26_1,8,842050,844275,NAD diphosphatase
FTC555,CNAG_03396,474.0,474,474,1,1,0,CNAG_03396-t26_1,8,842050,844275,NAD diphosphatase
BT22,CNAG_03398,394.0,394,394,1,1,5,CNAG_03398-t26_1,8,848209,850086,solute carrier family 39 (zinc transporter)
FTC555,CNAG_03398,394.0,394,394,1,1,5,CNAG_03398-t26_1,8,848209,850086,solute carrier family 39 (zinc transporter)
BT22,CNAG_03399,1377.0,1377,1377,1,1,6,CNAG_03399-t26_1,8,848021,854981,SIT4-associating protein/190
FTC555,CNAG_03399,1377.0,1377,1377,1,1,5,CNAG_03399-t26_1,8,848021,854981,SIT4-associating protein/190
BT22,CNAG_03400,357.0,357,357,1,1,6,CNAG_03400-t26_1,8,855293,857253,oxidoreductase
FTC555,CNAG_03400,357.0,357,357,1,1,6,CNAG_03400-t26_1,8,855293,857253,oxidoreductase
BT22,CNAG_03403,293.0,293,293,1,1,8,CNAG_03403-t26_1,8,863021,864496,mitochondrial protein
FTC555,CNAG_03403,293.0,293,293,1,1,5,CNAG_03403-t26_1,8,863021,864496,mitochondrial protein
BT22,CNAG_03406,572.0,572,572,1,1,22,CNAG_03406-t26_1,8,871061,873460,compass component spp1
FTC555,CNAG_03406,572.0,572,572,1,1,24,CNAG_03406-t26_1,8,871061,873460,compass component spp1
BT22,CNAG_03409,1052.0,1052,1052,1,1,7,CNAG_03409-t26_1,8,881230,885290,osomolarity two-component system
FTC555,CNAG_03409,1052.0,1052,1052,1,1,7,CNAG_03409-t26_1,8,881230,885290,osomolarity two-component system
BT22,CNAG_03410,255.0,255,255,1,1,3,CNAG_03410-t26_1,8,885308,886458,cytoplasmic protein
FTC555,CNAG_03410,255.0,255,255,1,1,3,CNAG_03410-t26_1,8,885308,886458,cytoplasmic protein
BT22,CNAG_03412,452.0,452,452,1,1,5,CNAG_03412-t26_1,8,887976,890566,Chitinase
FTC555,CNAG_03412,452.0,452,452,1,1,4,CNAG_03412-t26_1,8,887976,890566,Chitinase
BT22,CNAG_03413,396.0,396,396,1,1,8,CNAG_03413-t26_1,8,890350,892823,alginate lyase
FTC555,CNAG_03413,396.0,396,396,1,1,7,CNAG_03413-t26_1,8,890350,892823,alginate lyase
BT22,CNAG_03418,1080.0,1080,1080,1,1,0,CNAG_03418-t26_1,8,898498,903153,exportin-1
FTC555,CNAG_03418,1080.0,1080,1080,1,1,0,CNAG_03418-t26_1,8,898498,903153,exportin-1
BT22,CNAG_03419,615.0,615,615,1,1,0,CNAG_03419-t26_1,8,903248,905616,ATP-dependent RNA helicase DDX41
FTC555,CNAG_03419,615.0,615,615,1,1,0,CNAG_03419-t26_1,8,903248,905616,ATP-dependent RNA helicase DDX41
BT22,CNAG_03420,616.0,616,616,1,1,7,CNAG_03420-t26_1,8,905993,908617,Gly-Xaa carboxypeptidase
FTC555,CNAG_03420,616.0,616,616,1,1,7,CNAG_03420-t26_1,8,905993,908617,Gly-Xaa carboxypeptidase
BT22,CNAG_03422,813.0,813,813,1,1,9,CNAG_03422-t26_1,8,910831,914160,calcineurin temperature suppressor Cts1
FTC555,CNAG_03422,813.0,813,813,1,1,10,CNAG_03422-t26_1,8,910831,914160,calcineurin temperature suppressor Cts1
BT22,CNAG_03423,1277.0,1277,1279,1,1,504,CNAG_03423-t26_1,8,914092,919200,transcriptional activator
FTC555,CNAG_03423,1277.0,1277,1279,1,1,504,CNAG_03423-t26_1,8,914092,919200,transcriptional activator
BT22,CNAG_03426,421.0,421,421,1,1,1,CNAG_03426-t26_1,8,922512,924439,GDP-mannose transporter 2
FTC555,CNAG_03426,421.0,421,421,1,1,2,CNAG_03426-t26_1,8,922512,924439,GDP-mannose transporter 2
BT22,CNAG_03427,770.0,770,770,1,1,3,CNAG_03427-t26_1,8,925036,928570,aconitate hydratase
BT22,CNAG_03427,770.0,770,770,1,1,3,CNAG_03427-t26_2,8,925036,928570,aconitate hydratase
FTC555,CNAG_03427,770.0,770,770,1,1,3,CNAG_03427-t26_1,8,925036,928570,aconitate hydratase
FTC555,CNAG_03427,770.0,770,770,1,1,3,CNAG_03427-t26_2,8,925036,928570,aconitate hydratase
BT22,CNAG_03431,719.0,719,719,1,1,4,CNAG_03431-t26_1,8,932701,935470,nuclear protein
FTC555,CNAG_03431,719.0,719,719,1,1,9,CNAG_03431-t26_1,8,932701,935470,nuclear protein
BT22,CNAG_03432,538.0,538,538,1,1,5,CNAG_03432-t26_1,8,935553,938169,solute carrier family 2
BT22,CNAG_03432,538.0,538,538,1,1,5,CNAG_03432-t26_2,8,935553,938169,solute carrier family 2
FTC555,CNAG_03432,538.0,538,538,1,1,4,CNAG_03432-t26_1,8,935553,938169,solute carrier family 2
FTC555,CNAG_03432,538.0,538,538,1,1,4,CNAG_03432-t26_2,8,935553,938169,solute carrier family 2
BT22,CNAG_03433,358.0,358,358,1,1,17,CNAG_03433-t26_1,8,938101,940402,endo alpha-1
FTC555,CNAG_03433,358.0,358,358,1,1,17,CNAG_03433-t26_1,8,938101,940402,endo alpha-1
BT22,CNAG_03434,811.0,811,811,1,1,11,CNAG_03434-t26_1,8,940408,943914,solute carrier family 45
FTC555,CNAG_03434,811.0,811,811,1,1,11,CNAG_03434-t26_1,8,940408,943914,solute carrier family 45
BT22,CNAG_03435,127.0,127,127,1,1,0,CNAG_03435-t26_1,8,944054,944961,ribonucleoprotein-associated protein
FTC555,CNAG_03435,127.0,127,127,1,1,0,CNAG_03435-t26_1,8,944054,944961,ribonucleoprotein-associated protein
BT22,CNAG_03436,513.0,513,513,1,1,0,CNAG_03436-t26_2,8,945154,947773,Alanine transaminase
BT22,CNAG_03436,486.0,486,486,1,1,0,CNAG_03436-t26_1,8,945154,947773,Alanine transaminase
FTC555,CNAG_03436,513.0,513,513,1,1,1,CNAG_03436-t26_2,8,945154,947773,Alanine transaminase
FTC555,CNAG_03436,486.0,486,486,1,1,1,CNAG_03436-t26_1,8,945154,947773,Alanine transaminase
BT22,CNAG_03438,520.0,520,520,1,1,0,CNAG_03438-t26_1,8,949211,951945,hexose transporter
FTC555,CNAG_03438,520.0,520,520,1,1,0,CNAG_03438-t26_1,8,949211,951945,hexose transporter
BT22,CNAG_03441,197.0,197,197,1,1,2,CNAG_03441-t26_1,8,957402,959517,small subunit ribosomal protein S21
FTC555,CNAG_03441,197.0,197,197,1,1,1,CNAG_03441-t26_1,8,957402,959517,small subunit ribosomal protein S21
BT22,CNAG_03442,582.0,582,582,1,1,9,CNAG_03442-t26_1,8,959888,962169,phosphatidylinositol glycan
FTC555,CNAG_03442,582.0,582,582,1,1,8,CNAG_03442-t26_1,8,959888,962169,phosphatidylinositol glycan
BT22,CNAG_03448,471.0,471,471,1,1,7,CNAG_03448-t26_1,8,971700,974120,translation initiation factor eIF-2B subunit delta
FTC555,CNAG_03448,471.0,471,471,1,1,8,CNAG_03448-t26_1,8,971700,974120,translation initiation factor eIF-2B subunit delta
BT22,CNAG_03449,324.0,324,324,1,1,10,CNAG_03449-t26_2,8,974114,975723,DNA repair protein
BT22,CNAG_03449,324.0,324,324,1,1,10,CNAG_03449-t26_1,8,974114,975723,DNA repair protein
FTC555,CNAG_03449,324.0,324,324,1,1,8,CNAG_03449-t26_2,8,974114,975723,DNA repair protein
FTC555,CNAG_03449,324.0,324,324,1,1,8,CNAG_03449-t26_1,8,974114,975723,DNA repair protein
BT22,CNAG_03450,1706.0,1706,1706,1,1,9,CNAG_03450-t26_1,8,975820,982175,ATP-binding cassette transporter
FTC555,CNAG_03450,1706.0,1706,1706,1,1,6,CNAG_03450-t26_1,8,975820,982175,ATP-binding cassette transporter
BT22,CNAG_03452,521.0,521,521,1,1,4,CNAG_03452-t26_1,8,985498,987619,AFG1 family mitochondrial ATPase
FTC555,CNAG_03452,521.0,521,521,1,1,5,CNAG_03452-t26_1,8,985498,987619,AFG1 family mitochondrial ATPase
BT22,CNAG_03453,1192.0,1192,1192,1,1,14,CNAG_03453-t26_1,8,987791,991856,kinesin family member 11
FTC555,CNAG_03453,1192.0,1192,1192,1,1,15,CNAG_03453-t26_1,8,987791,991856,kinesin family member 11
BT22,CNAG_03457,622.0,622,622,1,1,15,CNAG_03457-t26_1,8,998764,1001246,arginine-tRNA ligase
FTC555,CNAG_03457,622.0,622,622,1,1,15,CNAG_03457-t26_1,8,998764,1001246,arginine-tRNA ligase
BT22,CNAG_03459,535.0,535,535,1,1,1,CNAG_03459-t26_1,8,1002820,1004997,T-complex protein 1 subunit delta
FTC555,CNAG_03459,535.0,535,535,1,1,1,CNAG_03459-t26_1,8,1002820,1004997,T-complex protein 1 subunit delta
BT22,CNAG_03464,594.0,594,594,1,1,7,CNAG_03464-t26_1,8,1013404,1016538,Laccase 2
FTC555,CNAG_03464,594.0,594,594,1,1,7,CNAG_03464-t26_1,8,1013404,1016538,Laccase 2
BT22,CNAG_03465,624.0,624,624,1,1,2,CNAG_03465-t26_1,8,1019744,1024625,laccase
FTC555,CNAG_03465,624.0,624,624,1,1,2,CNAG_03465-t26_1,8,1019744,1024625,laccase
BT22,CNAG_03466,1123.0,1123,1123,1,1,3,CNAG_03466-t26_1,8,1025048,1030273,RNA-dependent RNA polymerase 1
FTC555,CNAG_03466,1123.0,1123,1123,1,1,2,CNAG_03466-t26_1,8,1025048,1030273,RNA-dependent RNA polymerase 1
BT22,CNAG_03473,323.0,323,323,1,1,0,CNAG_03473-t26_1,8,1048176,1050990,lipoyl(octanoyl) transferase
FTC555,CNAG_03473,323.0,323,323,1,1,0,CNAG_03473-t26_1,8,1048176,1050990,lipoyl(octanoyl) transferase
BT22,CNAG_03474,512.0,512,512,1,1,2,CNAG_03474-t26_1,8,1049151,1051524,efflux protein EncT
FTC555,CNAG_03474,512.0,512,512,1,1,2,CNAG_03474-t26_1,8,1049151,1051524,efflux protein EncT
BT22,CNAG_03476,750.0,750,750,1,1,2,CNAG_03476-t26_1,8,1055846,1059195,Spermidine synthase
FTC555,CNAG_03476,750.0,750,750,1,1,2,CNAG_03476-t26_1,8,1055846,1059195,Spermidine synthase
BT22,CNAG_03480,1125.0,1125,1125,1,1,9,CNAG_03480-t26_1,8,1071629,1075604,NAD epimerase domain-containing protein
FTC555,CNAG_03480,1125.0,1125,1125,1,1,6,CNAG_03480-t26_1,8,1071629,1075604,NAD epimerase domain-containing protein
BT22,CNAG_03481,330.0,330,328,1,1,193,CNAG_03481-t26_1,8,1076683,1078152,ribonuclease P protein component
FTC555,CNAG_03481,330.0,330,328,1,1,193,CNAG_03481-t26_1,8,1076683,1078152,ribonuclease P protein component
BT22,CNAG_03482,197.0,197,197,1,1,0,CNAG_03482-t26_1,8,1078319,1079958,Thiol peroxidase
BT22,CNAG_03482,229.0,229,229,1,1,0,CNAG_03482-t26_2,8,1078319,1079958,Thiol peroxidase
FTC555,CNAG_03482,197.0,197,197,1,1,0,CNAG_03482-t26_1,8,1078319,1079958,Thiol peroxidase
FTC555,CNAG_03482,229.0,229,229,1,1,0,CNAG_03482-t26_2,8,1078319,1079958,Thiol peroxidase
BT22,CNAG_03483,215.0,215,215,1,1,1,CNAG_03483-t26_1,8,1079607,1080928,protein GET1
FTC555,CNAG_03483,215.0,215,215,1,1,1,CNAG_03483-t26_1,8,1079607,1080928,protein GET1
BT22,CNAG_03484,632.0,632,632,1,1,1,CNAG_03484-t26_1,8,1081072,1083545,kinetochore protein Mis13/DSN1
FTC555,CNAG_03484,632.0,632,632,1,1,2,CNAG_03484-t26_1,8,1081072,1083545,kinetochore protein Mis13/DSN1
BT22,CNAG_03485,750.0,750,750,1,1,4,CNAG_03485-t26_1,8,1083535,1087283,polyamine transporter 1
FTC555,CNAG_03485,750.0,750,750,1,1,5,CNAG_03485-t26_1,8,1083535,1087283,polyamine transporter 1
BT22,CNAG_03486,231.0,231,231,1,1,2,CNAG_03486-t26_1,8,1087970,1089676,peptidyl-prolyl cis-trans isomerase B
FTC555,CNAG_03486,231.0,231,231,1,1,2,CNAG_03486-t26_1,8,1087970,1089676,peptidyl-prolyl cis-trans isomerase B
BT22,CNAG_03487,332.0,332,332,1,1,2,CNAG_03487-t26_1,8,1089199,1091506,DnaJ domain-containing protein
FTC555,CNAG_03487,332.0,332,332,1,1,2,CNAG_03487-t26_1,8,1089199,1091506,DnaJ domain-containing protein
BT22,CNAG_03488,654.0,654,654,1,1,1,CNAG_03488-t26_1,8,1090974,1093341,Required for Rim101 Activation 1
FTC555,CNAG_03488,654.0,654,654,1,1,2,CNAG_03488-t26_1,8,1090974,1093341,Required for Rim101 Activation 1
BT22,CNAG_03489,252.0,252,252,1,1,0,CNAG_03489-t26_1,8,1093383,1094832,RNA recognition domain-containing protein (RRM)- containing protein
FTC555,CNAG_03489,252.0,252,252,1,1,0,CNAG_03489-t26_1,8,1093383,1094832,RNA recognition domain-containing protein (RRM)- containing protein
BT22,CNAG_03493,439.0,439,439,1,1,12,CNAG_03493-t26_1,8,1100962,1102678,1-alkyl-2-acetylglycerophosphocholine esterase
FTC555,CNAG_03493,439.0,439,439,1,1,10,CNAG_03493-t26_1,8,1100962,1102678,1-alkyl-2-acetylglycerophosphocholine esterase
BT22,CNAG_03497,199.0,199,199,1,1,1,CNAG_03497-t26_1,8,1109716,1111051,BET3 family protein
FTC555,CNAG_03497,199.0,199,199,1,1,1,CNAG_03497-t26_1,8,1109716,1111051,BET3 family protein
BT22,CNAG_03498,715.0,715,715,1,1,4,CNAG_03498-t26_1,8,1111156,1114391,metalloreductase
BT22,CNAG_03498,715.0,715,715,1,1,4,CNAG_03498-t26_2,8,1111156,1114391,metalloreductase
BT22,CNAG_03498,715.0,715,715,1,1,4,CNAG_03498-t26_3,8,1111156,1114391,metalloreductase
FTC555,CNAG_03498,715.0,715,715,1,1,4,CNAG_03498-t26_1,8,1111156,1114391,metalloreductase
FTC555,CNAG_03498,715.0,715,715,1,1,4,CNAG_03498-t26_2,8,1111156,1114391,metalloreductase
FTC555,CNAG_03498,715.0,715,715,1,1,4,CNAG_03498-t26_3,8,1111156,1114391,metalloreductase
BT22,CNAG_03499,513.0,513,513,1,1,6,CNAG_03499-t26_1,8,1115053,1117243,twin-arginine translocation pathway signal peptide
FTC555,CNAG_03499,513.0,513,513,1,1,6,CNAG_03499-t26_1,8,1115053,1117243,twin-arginine translocation pathway signal peptide
BT22,CNAG_03500,1884.0,1884,1883,1,1,660,CNAG_03500-t26_1,8,1117448,1123856,osmosensor
FTC555,CNAG_03500,1884.0,1884,1884,1,1,32,CNAG_03500-t26_1,8,1117448,1123856,osmosensor
BT22,CNAG_03502,791.0,791,791,1,1,1,CNAG_03502-t26_1,8,1124823,1128251,magnesium transporter
FTC555,CNAG_03502,791.0,791,791,1,1,1,CNAG_03502-t26_1,8,1124823,1128251,magnesium transporter
BT22,CNAG_03503,1512.0,1512,1512,1,1,5,CNAG_03503-t26_2,8,1128098,1133739,ATP-binding cassette transporter protein YOR1
BT22,CNAG_03503,1512.0,1512,1512,1,1,5,CNAG_03503-t26_1,8,1128098,1133739,ATP-binding cassette transporter protein YOR1
FTC555,CNAG_03503,1512.0,1512,1512,1,1,4,CNAG_03503-t26_2,8,1128098,1133739,ATP-binding cassette transporter protein YOR1
FTC555,CNAG_03503,1512.0,1512,1512,1,1,4,CNAG_03503-t26_1,8,1128098,1133739,ATP-binding cassette transporter protein YOR1
BT22,CNAG_03509,333.0,333,333,1,1,3,CNAG_03509-t26_1,8,1148131,1150104,pyruvate dehydrogenase X component
FTC555,CNAG_03509,333.0,333,333,1,1,3,CNAG_03509-t26_1,8,1148131,1150104,pyruvate dehydrogenase X component
BT22,CNAG_03510,111.0,111,111,1,1,0,CNAG_03510-t26_1,8,1149881,1151732,large subunit ribosomal protein L36e
FTC555,CNAG_03510,111.0,111,111,1,1,0,CNAG_03510-t26_1,8,1149881,1151732,large subunit ribosomal protein L36e
BT22,CNAG_03513,396.0,396,397,1,1,230,CNAG_03513-t26_1,8,1153752,1155147,ribosomal RNA-processing protein 7
FTC555,CNAG_03513,396.0,396,397,1,1,230,CNAG_03513-t26_1,8,1153752,1155147,ribosomal RNA-processing protein 7
BT22,CNAG_03517,689.0,689,689,1,1,2,CNAG_03517-t26_1,8,1168107,1171407,NADH dehydrogenase
FTC555,CNAG_03517,689.0,689,689,1,1,2,CNAG_03517-t26_1,8,1168107,1171407,NADH dehydrogenase
BT22,CNAG_03518,251.0,251,251,1,1,2,CNAG_03518-t26_1,8,1171865,1174238,Phenylacrylic acid decarboxylase
FTC555,CNAG_03518,251.0,251,251,1,1,2,CNAG_03518-t26_1,8,1171865,1174238,Phenylacrylic acid decarboxylase
BT22,CNAG_03519,405.0,405,405,1,1,2,CNAG_03519-t26_3,8,1173522,1176609,cytoplasmic protein
BT22,CNAG_03519,532.0,532,532,1,1,3,CNAG_03519-t26_2,8,1173522,1176609,cytoplasmic protein
BT22,CNAG_03519,447.0,447,447,1,1,3,CNAG_03519-t26_1,8,1173522,1176609,cytoplasmic protein
FTC555,CNAG_03519,405.0,405,405,1,1,1,CNAG_03519-t26_3,8,1173522,1176609,cytoplasmic protein
FTC555,CNAG_03519,532.0,532,532,1,1,2,CNAG_03519-t26_2,8,1173522,1176609,cytoplasmic protein
FTC555,CNAG_03519,447.0,447,447,1,1,2,CNAG_03519-t26_1,8,1173522,1176609,cytoplasmic protein
BT22,CNAG_03521,108.0,108,108,1,1,0,CNAG_03521-t26_1,8,1176955,1177751,DNA-directed RNA polymerase III subunit RPC10
FTC555,CNAG_03521,108.0,108,108,1,1,0,CNAG_03521-t26_1,8,1176955,1177751,DNA-directed RNA polymerase III subunit RPC10
BT22,CNAG_03523,333.0,333,333,1,1,1,CNAG_03523-t26_2,8,1178989,1180632,solute carrier family 25
BT22,CNAG_03523,248.0,248,248,1,1,1,CNAG_03523-t26_1,8,1178989,1180632,solute carrier family 25
FTC555,CNAG_03523,333.0,333,333,1,1,1,CNAG_03523-t26_2,8,1178989,1180632,solute carrier family 25
FTC555,CNAG_03523,248.0,248,248,1,1,1,CNAG_03523-t26_1,8,1178989,1180632,solute carrier family 25
BT22,CNAG_03524,1778.0,1778,1778,1,1,22,CNAG_03524-t26_1,8,1180509,1187356,transmembrane receptor
FTC555,CNAG_03524,1778.0,1778,1778,1,1,22,CNAG_03524-t26_1,8,1180509,1187356,transmembrane receptor
BT22,CNAG_03525,762.0,762,762,1,1,2,CNAG_03525-t26_1,8,1189977,1193783,alpha
FTC555,CNAG_03525,762.0,762,762,1,1,2,CNAG_03525-t26_1,8,1189977,1193783,alpha
BT22,CNAG_03526,262.0,262,265,1,1,100,CNAG_03526-t26_1,8,1193985,1195028,chromosome transmission fidelity protein 8
FTC555,CNAG_03526,262.0,262,265,1,1,100,CNAG_03526-t26_1,8,1193985,1195028,chromosome transmission fidelity protein 8
BT22,CNAG_03527,844.0,844,844,1,1,5,CNAG_03527-t26_1,8,1194367,1198096,cytoplasmic protein
FTC555,CNAG_03527,844.0,844,844,1,1,5,CNAG_03527-t26_1,8,1194367,1198096,cytoplasmic protein
BT22,CNAG_03528,1048.0,1048,1048,1,1,3,CNAG_03528-t26_1,8,1198214,1202516,AP-2 complex subunit alpha
FTC555,CNAG_03528,1048.0,1048,1048,1,1,3,CNAG_03528-t26_1,8,1198214,1202516,AP-2 complex subunit alpha
BT22,CNAG_03531,301.0,301,301,1,1,6,CNAG_03531-t26_1,8,1206025,1207544,3-beta hydroxysteroid dehydrogenase/isomerase
FTC555,CNAG_03531,301.0,301,301,1,1,7,CNAG_03531-t26_1,8,1206025,1207544,3-beta hydroxysteroid dehydrogenase/isomerase
BT22,CNAG_03532,297.0,297,297,1,1,1,CNAG_03532-t26_1,8,1207929,1209019,3-beta hydroxysteroid dehydrogenase/isomerase
FTC555,CNAG_03532,297.0,297,297,1,1,1,CNAG_03532-t26_1,8,1207929,1209019,3-beta hydroxysteroid dehydrogenase/isomerase
BT22,CNAG_03533,860.0,860,860,1,1,22,CNAG_03533-t26_1,8,1209280,1212883,JmjC domain-containing histone demethylation protein 1
FTC555,CNAG_03533,860.0,860,860,1,1,20,CNAG_03533-t26_1,8,1209280,1212883,JmjC domain-containing histone demethylation protein 1
BT22,CNAG_03540,521.0,521,521,1,1,9,CNAG_03540-t26_1,8,1229324,1231910,aspartyl/glutamyl-tRNA(Asn/Gln) amidotransferase
FTC555,CNAG_03540,521.0,521,521,1,1,10,CNAG_03540-t26_1,8,1229324,1231910,aspartyl/glutamyl-tRNA(Asn/Gln) amidotransferase
BT22,CNAG_03542,398.0,398,398,1,1,0,CNAG_03542-t26_1,8,1233907,1235822,Arginase
FTC555,CNAG_03542,398.0,398,398,1,1,0,CNAG_03542-t26_1,8,1233907,1235822,Arginase
BT22,CNAG_03554,1222.0,1222,1222,1,1,1,CNAG_03554-t26_1,8,1263613,1268065,coatomer protein complex
FTC555,CNAG_03554,1222.0,1222,1222,1,1,0,CNAG_03554-t26_1,8,1263613,1268065,coatomer protein complex
BT22,CNAG_03555,303.0,303,303,1,1,4,CNAG_03555-t26_1,8,1267918,1269465,acylglycerone-phosphate reductase
FTC555,CNAG_03555,303.0,303,303,1,1,3,CNAG_03555-t26_1,8,1267918,1269465,acylglycerone-phosphate reductase
BT22,CNAG_03556,615.0,615,615,1,1,3,CNAG_03556-t26_1,8,1269700,1272361,dimethylaniline monooxygenase
FTC555,CNAG_03556,615.0,615,615,1,1,4,CNAG_03556-t26_1,8,1269700,1272361,dimethylaniline monooxygenase
BT22,CNAG_03557,124.0,124,124,1,1,0,CNAG_03557-t26_1,8,1270115,1272973,transcription initiation factor TFIIA small subunit
FTC555,CNAG_03557,124.0,124,124,1,1,0,CNAG_03557-t26_1,8,1270115,1272973,transcription initiation factor TFIIA small subunit
BT22,CNAG_03559,408.0,408,409,1,0,3,CNAG_03559-t26_1,8,1274106,1276560,allantoate permease
FTC555,CNAG_03559,408.0,408,409,1,0,4,CNAG_03559-t26_1,8,1274106,1276560,allantoate permease
BT22,CNAG_03562,392.0,392,392,1,1,3,CNAG_03562-t26_1,8,1281956,1283787,D-amino-acid oxidase
FTC555,CNAG_03562,392.0,392,392,1,1,4,CNAG_03562-t26_1,8,1281956,1283787,D-amino-acid oxidase
BT22,CNAG_03563,884.0,884,884,1,1,3,CNAG_03563-t26_1,8,1283462,1286559,aspartate-tRNA(Asn) ligase
FTC555,CNAG_03563,884.0,884,884,1,1,2,CNAG_03563-t26_1,8,1283462,1286559,aspartate-tRNA(Asn) ligase
BT22,CNAG_03565,1079.0,1079,1079,1,1,3,CNAG_03565-t26_1,8,1289236,1294125,plasma-membrane proton-efflux P-type ATPase
FTC555,CNAG_03565,1079.0,1079,1079,1,1,3,CNAG_03565-t26_1,8,1289236,1294125,plasma-membrane proton-efflux P-type ATPase
BT22,CNAG_03567,556.0,556,556,1,1,1,CNAG_03567-t26_1,8,1296382,1298943,AGC/NDR/NDR protein kinase
FTC555,CNAG_03567,556.0,556,556,1,1,1,CNAG_03567-t26_1,8,1296382,1298943,AGC/NDR/NDR protein kinase
BT22,CNAG_03572,328.0,328,328,1,1,1,CNAG_03572-t26_1,8,1304365,1306281,opsin 1
FTC555,CNAG_03572,328.0,328,328,1,1,1,CNAG_03572-t26_1,8,1304365,1306281,opsin 1
BT22,CNAG_03573,421.0,421,421,1,1,2,CNAG_03573-t26_1,8,1307190,1309275,kynurenine 3-monooxygenase
FTC555,CNAG_03573,421.0,421,421,1,1,1,CNAG_03573-t26_1,8,1307190,1309275,kynurenine 3-monooxygenase
BT22,CNAG_03575,867.0,867,867,1,1,16,CNAG_03575-t26_1,8,1313266,1316793,alpha-L-rhamnosidase
FTC555,CNAG_03575,867.0,867,867,1,1,17,CNAG_03575-t26_1,8,1313266,1316793,alpha-L-rhamnosidase
BT22,CNAG_03577,312.0,312,312,1,1,1,CNAG_03577-t26_1,8,1316892,1319720,large subunit ribosomal protein LP0
FTC555,CNAG_03577,312.0,312,312,1,1,1,CNAG_03577-t26_1,8,1316892,1319720,large subunit ribosomal protein LP0
BT22,CNAG_03582,902.0,902,902,1,1,5,CNAG_03582-t26_1,8,1326783,1330431,pH-response regulator protein palA/RIM20
FTC555,CNAG_03582,902.0,902,902,1,1,5,CNAG_03582-t26_1,8,1326783,1330431,pH-response regulator protein palA/RIM20
BT22,CNAG_03584,374.0,374,374,1,1,1,CNAG_03584-t26_1,8,1334711,1336640,Prp8 binding protein
FTC555,CNAG_03584,374.0,374,374,1,1,1,CNAG_03584-t26_1,8,1334711,1336640,Prp8 binding protein
BT22,CNAG_03588,1409.0,1409,1409,1,1,9,CNAG_03588-t26_1,8,1345848,1350552,L-aminoadipate-semialdehyde dehydrogenase
FTC555,CNAG_03588,1409.0,1409,1409,1,1,9,CNAG_03588-t26_1,8,1345848,1350552,L-aminoadipate-semialdehyde dehydrogenase
BT22,CNAG_03589,199.0,199,199,1,1,1,CNAG_03589-t26_1,8,1351670,1352949,adrenodoxin-type ferredoxin
FTC555,CNAG_03589,199.0,199,199,1,1,1,CNAG_03589-t26_1,8,1351670,1352949,adrenodoxin-type ferredoxin
BT22,CNAG_03590,365.0,365,365,1,1,0,CNAG_03590-t26_1,8,1353408,1354983,casein kinase II subunit beta
FTC555,CNAG_03590,365.0,365,365,1,1,0,CNAG_03590-t26_1,8,1353408,1354983,casein kinase II subunit beta
BT22,CNAG_03591,452.0,452,452,1,1,3,CNAG_03591-t26_1,8,1355130,1357195,rab GDP-dissociation inhibitor
FTC555,CNAG_03591,452.0,452,452,1,1,3,CNAG_03591-t26_1,8,1355130,1357195,rab GDP-dissociation inhibitor
BT22,CNAG_03592,561.0,561,561,1,1,4,CNAG_03592-t26_1,8,1357212,1359636,phosphomethylpyrimidine kinase
FTC555,CNAG_03592,561.0,561,561,1,1,5,CNAG_03592-t26_1,8,1357212,1359636,phosphomethylpyrimidine kinase
BT22,CNAG_06942,506.0,506,506,1,1,1,CNAG_06942-t26_1,8,1385905,1388577,nicotinamide mononucleotide permease
FTC555,CNAG_06942,506.0,506,506,1,1,1,CNAG_06942-t26_1,8,1385905,1388577,nicotinamide mononucleotide permease
BT22,CNAG_06967,633.0,633,633,1,1,1,CNAG_06967-t26_1,8,1380357,1383120,Phytase
FTC555,CNAG_06967,633.0,633,633,1,1,1,CNAG_06967-t26_1,8,1380357,1383120,Phytase
BT22,CNAG_06969,206.0,206,206,1,1,2,CNAG_06969-t26_1,8,1384153,1385492,magnesium-dependent phosphatase-1
FTC555,CNAG_06969,206.0,206,206,1,1,2,CNAG_06969-t26_1,8,1384153,1385492,magnesium-dependent phosphatase-1
BT22,CNAG_07712,409.0,409,409,1,1,7,CNAG_07712-t26_1,8,139400,141875,NAD-dependent histone deacetylase SIR2
FTC555,CNAG_07712,409.0,409,409,1,1,7,CNAG_07712-t26_1,8,139400,141875,NAD-dependent histone deacetylase SIR2
BT22,CNAG_07717,1418.0,1418,1418,1,1,9,CNAG_07717-t26_1,8,324998,329922,ubiquitin carboxyl-terminal hydrolase 4/11/15
FTC555,CNAG_07717,1418.0,1418,1418,1,1,6,CNAG_07717-t26_1,8,324998,329922,ubiquitin carboxyl-terminal hydrolase 4/11/15
BT22,CNAG_07719,450.0,450,450,1,1,0,CNAG_07719-t26_1,8,374439,376509,26S protease regulatory subunit 7
FTC555,CNAG_07719,450.0,450,450,1,1,0,CNAG_07719-t26_1,8,374439,376509,26S protease regulatory subunit 7
BT22,CNAG_07720,217.0,217,217,1,1,0,CNAG_07720-t26_1,8,376555,377576,presequence translocated-associated motor subunit PAM17
FTC555,CNAG_07720,217.0,217,217,1,1,0,CNAG_07720-t26_1,8,376555,377576,presequence translocated-associated motor subunit PAM17
BT22,CNAG_07724,1048.0,1048,1048,1,1,4,CNAG_07724-t26_1,8,721568,725406,Metal-binding regulatory protein CUF1
FTC555,CNAG_07724,1048.0,1048,1048,1,1,5,CNAG_07724-t26_1,8,721568,725406,Metal-binding regulatory protein CUF1
BT22,CNAG_07725,578.0,578,578,1,1,17,CNAG_07725-t26_1,8,781856,784029,HMG box factor
BT22,CNAG_07725,582.0,582,582,1,1,17,CNAG_07725-t26_2,8,781856,784029,HMG box factor
FTC555,CNAG_07725,578.0,578,578,1,1,18,CNAG_07725-t26_1,8,781856,784029,HMG box factor
FTC555,CNAG_07725,582.0,582,582,1,1,18,CNAG_07725-t26_2,8,781856,784029,HMG box factor
BT22,CNAG_07728,113.0,113,113,1,1,2,CNAG_07728-t26_1,8,847527,848074,solute carrier family 39 (zinc transporter)
FTC555,CNAG_07728,113.0,113,113,1,1,2,CNAG_07728-t26_1,8,847527,848074,solute carrier family 39 (zinc transporter)
BT22,CNAG_07730,257.0,257,257,1,1,7,CNAG_07730-t26_1,8,928762,930031,tricarboxylate transporter
BT22,CNAG_07730,293.0,293,293,1,1,7,CNAG_07730-t26_2,8,928762,930031,tricarboxylate transporter
FTC555,CNAG_07730,257.0,257,257,1,1,8,CNAG_07730-t26_1,8,928762,930031,tricarboxylate transporter
FTC555,CNAG_07730,293.0,293,293,1,1,8,CNAG_07730-t26_2,8,928762,930031,tricarboxylate transporter
BT22,CNAG_07732,318.0,318,318,1,1,4,CNAG_07732-t26_1,8,930334,932515,amidohydrolase 2
FTC555,CNAG_07732,318.0,318,318,1,1,5,CNAG_07732-t26_1,8,930334,932515,amidohydrolase 2
BT22,CNAG_07735,710.0,710,710,1,1,1,CNAG_07735-t26_1,8,1035423,1037968,U3 small nucleolar RNA-associated protein 25
FTC555,CNAG_07735,710.0,710,710,1,1,1,CNAG_07735-t26_1,8,1035423,1037968,U3 small nucleolar RNA-associated protein 25
BT22,CNAG_07736,800.0,800,800,1,1,2,CNAG_07736-t26_1,8,1038150,1041316,glucan endo-1
FTC555,CNAG_07736,800.0,800,800,1,1,2,CNAG_07736-t26_1,8,1038150,1041316,glucan endo-1
BT22,CNAG_07741,678.0,678,678,1,1,10,CNAG_07741-t26_1,8,1156784,1159752,cytoplasmic protein
FTC555,CNAG_07741,678.0,678,678,1,1,9,CNAG_07741-t26_1,8,1156784,1159752,cytoplasmic protein
BT22,CNAG_07744,1250.0,1250,1251,1,1,903,CNAG_07744-t26_1,8,1214092,1218896,1-phosphatidylinositol 4-kinase
FTC555,CNAG_07744,1250.0,1250,1251,1,1,902,CNAG_07744-t26_1,8,1214092,1218896,1-phosphatidylinositol 4-kinase
BT22,CNAG_07745,422.0,422,424,1,1,372,CNAG_07745-t26_1,8,1219423,1221679,alcohol dehydrogenase
FTC555,CNAG_07745,422.0,422,424,1,1,373,CNAG_07745-t26_1,8,1219423,1221679,alcohol dehydrogenase
BT22,CNAG_07746,1021.0,1021,1021,1,1,2,CNAG_07746-t26_1,8,1221069,1225091,methylenetetrahydrofolate dehydrogenase (NADP)
FTC555,CNAG_07746,1021.0,1021,1021,1,1,2,CNAG_07746-t26_1,8,1221069,1225091,methylenetetrahydrofolate dehydrogenase (NADP)
BT22,CNAG_07747,711.0,711,711,1,1,1,CNAG_07747-t26_1,8,1309584,1312923,acyl-CoA oxidase
FTC555,CNAG_07747,711.0,711,711,1,1,1,CNAG_07747-t26_1,8,1309584,1312923,acyl-CoA oxidase
BT22,CNAG_07748,422.0,422,419,1,1,177,CNAG_07748-t26_1,8,1321587,1323175,tRNA (uracil-5-)-methyltransferase TRM9
FTC555,CNAG_07748,422.0,422,419,1,1,177,CNAG_07748-t26_1,8,1321587,1323175,tRNA (uracil-5-)-methyltransferase TRM9
BT22,CNAG_07749,335.0,335,335,1,1,3,CNAG_07749-t26_1,8,1322867,1326464,3-ketodihydrosphingosine reductase tsc10
FTC555,CNAG_07749,335.0,335,335,1,1,2,CNAG_07749-t26_1,8,1322867,1326464,3-ketodihydrosphingosine reductase tsc10
BT22,CNAG_07751,610.0,610,610,1,1,0,CNAG_07751-t26_1,8,1359863,1362381,siderophore iron transporter mirB
FTC555,CNAG_07751,610.0,610,610,1,1,0,CNAG_07751-t26_1,8,1359863,1362381,siderophore iron transporter mirB
BT22,CNAG_07752,538.0,538,538,1,1,3,CNAG_07752-t26_1,8,1375636,1377800,UDP-galactopyranose mutase
FTC555,CNAG_07752,538.0,538,538,1,1,3,CNAG_07752-t26_1,8,1375636,1377800,UDP-galactopyranose mutase
