Strain,Gene,Parent,Expected,Ref,Alt,Refstop,Altstop,Nonsyn,Nvars,Utr5,Utr3,Exon,Intron,Chrom,Description,Start,End,Strand
PMY2649,CNAG_01025,CNAG_01025-t26_1,369.0,369.0,369.0,1,1,1,12,0,0,5,7,5,hypothetical protein,1404600,1406569,-1
PMY2650,CNAG_01025,CNAG_01025-t26_1,369.0,369.0,369.0,1,1,0,1,0,0,0,1,5,hypothetical protein,1404600,1406569,-1
PMY2649,CNAG_01026,CNAG_01026-t26_1,711.0,711.0,711.0,1,1,2,20,0,0,10,10,5,gamma-glutamyltransferase,1401867,1404833,1
PMY2650,CNAG_01026,CNAG_01026-t26_1,711.0,711.0,711.0,1,1,4,13,0,0,7,6,5,gamma-glutamyltransferase,1401867,1404833,1
PMY2649,CNAG_01027,CNAG_01027-t26_1,561.0,561.0,561.0,1,1,0,0,0,0,0,0,5,succinate-semialdehyde dehydrogenase (NADP),1399369,1401731,-1
PMY2650,CNAG_01027,CNAG_01027-t26_1,561.0,561.0,561.0,1,1,0,1,0,1,0,0,5,succinate-semialdehyde dehydrogenase (NADP),1399369,1401731,-1
PMY2649,CNAG_01032,CNAG_01032-t26_1,1139.0,1139.0,1139.0,1,1,6,12,0,2,9,1,5,hypothetical protein,1387509,1392807,-1
PMY2650,CNAG_01032,CNAG_01032-t26_1,1139.0,1139.0,1139.0,1,1,9,19,0,1,17,1,5,hypothetical protein,1387509,1392807,-1
PMY2649,CNAG_01033,CNAG_01033-t26_1,191.0,191.0,191.0,1,1,0,5,0,4,0,1,5,exosome complex component CSL4,1386233,1388465,1
PMY2650,CNAG_01033,CNAG_01033-t26_1,191.0,191.0,191.0,1,1,0,3,0,3,0,0,5,exosome complex component CSL4,1386233,1388465,1
PMY2649,CNAG_01037,CNAG_01037-t26_1,813.0,813.0,813.0,1,1,0,1,0,0,0,1,5,DNA mismatch repair protein MLH3,1377460,1381390,-1
PMY2650,CNAG_01037,CNAG_01037-t26_1,813.0,813.0,813.0,1,1,1,5,0,0,2,3,5,DNA mismatch repair protein MLH3,1377460,1381390,-1
PMY2649,CNAG_01039,CNAG_01039-t26_1,1547.0,1547.0,1547.0,1,1,1,1,0,0,1,0,5,superkiller protein 3,1369931,1375771,-1
PMY2650,CNAG_01039,CNAG_01039-t26_1,1547.0,1547.0,1547.0,1,1,0,0,0,0,0,0,5,superkiller protein 3,1369931,1375771,-1
PMY2649,CNAG_01040,CNAG_01040-t26_1,543.0,543.0,543.0,1,1,0,0,0,0,0,0,5,carboxypeptidase D,1366525,1369194,-1
PMY2650,CNAG_01040,CNAG_01040-t26_1,543.0,543.0,543.0,1,1,1,2,0,1,1,0,5,carboxypeptidase D,1366525,1369194,-1
PMY2649,CNAG_01041,CNAG_01041-t26_1,220.0,220.0,220.0,1,1,0,0,0,0,0,0,5,hypothetical protein,1364307,1365684,-1
PMY2650,CNAG_01041,CNAG_01041-t26_1,220.0,220.0,220.0,1,1,0,1,0,0,1,0,5,hypothetical protein,1364307,1365684,-1
PMY2649,CNAG_01044,CNAG_01044-t26_1,297.0,297.0,297.0,1,1,0,0,0,0,0,0,5,dihydroceramidase,1358139,1359935,-1
PMY2650,CNAG_01044,CNAG_01044-t26_1,297.0,297.0,297.0,1,1,0,1,1,0,0,0,5,dihydroceramidase,1358139,1359935,-1
PMY2649,CNAG_01046,CNAG_01046-t26_1,393.0,393.0,393.0,1,1,0,1,0,1,0,0,5,N,1352722,1354713,-1
PMY2650,CNAG_01046,CNAG_01046-t26_1,393.0,393.0,393.0,1,1,0,0,0,0,0,0,5,N,1352722,1354713,-1
PMY2649,CNAG_01047,CNAG_01047-t26_1,125.0,125.0,125.0,1,1,0,1,0,0,1,0,5,hypothetical protein,1352477,1353823,1
PMY2650,CNAG_01047,CNAG_01047-t26_1,125.0,125.0,125.0,1,1,0,0,0,0,0,0,5,hypothetical protein,1352477,1353823,1
PMY2649,CNAG_01048,CNAG_01048-t26_1,1296.0,1296.0,1296.0,1,1,1,2,0,0,2,0,5,hypothetical protein,1345875,1351913,1
PMY2649,CNAG_01048,CNAG_01048-t26_2,1296.0,1296.0,1296.0,1,1,1,2,0,0,2,0,5,hypothetical protein,1345875,1351913,1
PMY2650,CNAG_01048,CNAG_01048-t26_1,1296.0,1296.0,1296.0,1,1,1,2,0,0,2,0,5,hypothetical protein,1345875,1351913,1
PMY2650,CNAG_01048,CNAG_01048-t26_2,1296.0,1296.0,1296.0,1,1,1,2,0,0,2,0,5,hypothetical protein,1345875,1351913,1
PMY2649,CNAG_01050,CNAG_01050-t26_1,419.0,419.0,419.0,1,1,0,0,0,0,0,0,5,hypothetical protein,1343093,1345087,1
PMY2650,CNAG_01050,CNAG_01050-t26_1,419.0,419.0,419.0,1,1,0,1,0,0,1,0,5,hypothetical protein,1343093,1345087,1
PMY2649,CNAG_01051,CNAG_01051-t26_1,1274.0,1274.0,1274.0,1,1,1,1,0,0,1,0,5,dynactin 1,1338016,1342947,-1
PMY2650,CNAG_01051,CNAG_01051-t26_1,1274.0,1274.0,1274.0,1,1,0,0,0,0,0,0,5,dynactin 1,1338016,1342947,-1
PMY2649,CNAG_01053,CNAG_01053-t26_1,1481.0,1481.0,1481.0,1,1,0,1,0,0,0,1,5,nuclear pore complex protein Nup160,1330240,1335585,1
PMY2650,CNAG_01053,CNAG_01053-t26_1,1481.0,1481.0,1481.0,1,1,0,2,0,0,0,2,5,nuclear pore complex protein Nup160,1330240,1335585,1
PMY2649,CNAG_01055,CNAG_01055-t26_1,575.0,575.0,575.0,1,1,0,1,0,0,1,0,5,phospholipid transporter,1325515,1328710,1
PMY2649,CNAG_01055,CNAG_01055-t26_2,519.0,519.0,519.0,1,1,0,1,0,0,1,0,5,phospholipid transporter,1325515,1328710,1
PMY2650,CNAG_01055,CNAG_01055-t26_1,575.0,575.0,575.0,1,1,0,1,0,0,0,1,5,phospholipid transporter,1325515,1328710,1
PMY2650,CNAG_01055,CNAG_01055-t26_2,519.0,519.0,519.0,1,1,0,1,0,0,0,1,5,phospholipid transporter,1325515,1328710,1
PMY2649,CNAG_01057,CNAG_01057-t26_1,479.0,479.0,479.0,1,1,0,0,0,0,0,0,5,COP9 signalosome complex subunit 2,1317799,1320352,1
PMY2650,CNAG_01057,CNAG_01057-t26_1,479.0,479.0,479.0,1,1,0,1,0,0,0,1,5,COP9 signalosome complex subunit 2,1317799,1320352,1
PMY2649,CNAG_01062,CNAG_01062-t26_1,1169.0,1169.0,1169.0,1,1,0,3,0,0,3,0,5,CAMK/CAMKL/PASK protein kinase,1304129,1308665,1
PMY2650,CNAG_01062,CNAG_01062-t26_1,1169.0,1169.0,1169.0,1,1,0,1,0,0,0,1,5,CAMK/CAMKL/PASK protein kinase,1304129,1308665,1
PMY2649,CNAG_01064,CNAG_01064-t26_1,233.0,233.0,233.0,1,1,1,1,0,0,1,0,5,hypothetical protein,1296957,1298389,-1
PMY2650,CNAG_01064,CNAG_01064-t26_1,233.0,233.0,233.0,1,1,0,0,0,0,0,0,5,hypothetical protein,1296957,1298389,-1
PMY2649,CNAG_01065,CNAG_01065-t26_1,475.0,475.0,475.0,1,1,0,2,0,1,1,0,5,hypothetical protein,1294852,1297455,1
PMY2649,CNAG_01065,CNAG_01065-t26_2,475.0,475.0,475.0,1,1,0,2,0,1,1,0,5,hypothetical protein,1294852,1297455,1
PMY2650,CNAG_01065,CNAG_01065-t26_1,475.0,475.0,475.0,1,1,0,1,0,0,1,0,5,hypothetical protein,1294852,1297455,1
PMY2650,CNAG_01065,CNAG_01065-t26_2,475.0,475.0,475.0,1,1,0,1,0,0,1,0,5,hypothetical protein,1294852,1297455,1
PMY2649,CNAG_01069,CNAG_01069-t26_1,789.0,789.0,789.0,1,1,0,1,0,0,1,0,5,hypothetical protein,1283919,1288253,1
PMY2650,CNAG_01069,CNAG_01069-t26_1,789.0,789.0,789.0,1,1,0,3,0,3,0,0,5,hypothetical protein,1283919,1288253,1
PMY2649,CNAG_01070,CNAG_01070-t26_1,289.0,289.0,289.0,1,1,0,1,0,0,0,1,5,class II aldolase/adducin family protein,1281798,1283750,-1
PMY2650,CNAG_01070,CNAG_01070-t26_1,289.0,289.0,289.0,1,1,0,1,1,0,0,0,5,class II aldolase/adducin family protein,1281798,1283750,-1
PMY2649,CNAG_01072,CNAG_01072-t26_1,417.0,417.0,417.0,1,1,0,0,0,0,0,0,5,Amidase,1276910,1279006,1
PMY2650,CNAG_01072,CNAG_01072-t26_1,417.0,417.0,417.0,1,1,0,2,2,0,0,0,5,Amidase,1276910,1279006,1
PMY2649,CNAG_01073,CNAG_01073-t26_1,475.0,475.0,475.0,1,1,0,0,0,0,0,0,5,hypothetical protein,1274547,1277178,-1
PMY2649,CNAG_01073,CNAG_01073-t26_2,408.0,408.0,408.0,1,1,0,0,0,0,0,0,5,hypothetical protein,1274547,1277178,-1
PMY2650,CNAG_01073,CNAG_01073-t26_1,475.0,475.0,475.0,1,1,0,1,0,0,0,1,5,hypothetical protein,1274547,1277178,-1
PMY2650,CNAG_01073,CNAG_01073-t26_2,408.0,408.0,408.0,1,1,0,1,0,0,0,1,5,hypothetical protein,1274547,1277178,-1
PMY2649,CNAG_01074,CNAG_01074-t26_1,481.0,481.0,481.0,1,1,0,0,0,0,0,0,5,neutral amino acid transporter,1270166,1272822,1
PMY2649,CNAG_01074,CNAG_01074-t26_2,481.0,481.0,481.0,1,1,0,0,0,0,0,0,5,neutral amino acid transporter,1270166,1272822,1
PMY2650,CNAG_01074,CNAG_01074-t26_1,481.0,481.0,481.0,1,1,0,1,0,0,1,0,5,neutral amino acid transporter,1270166,1272822,1
PMY2650,CNAG_01074,CNAG_01074-t26_2,481.0,481.0,481.0,1,1,0,1,0,0,1,0,5,neutral amino acid transporter,1270166,1272822,1
PMY2649,CNAG_01075,CNAG_01075-t26_1,531.0,531.0,531.0,1,1,0,1,0,1,0,0,5,methylmalonate-semialdehyde dehydrogenase (acylating),1267131,1269609,1
PMY2650,CNAG_01075,CNAG_01075-t26_1,531.0,531.0,531.0,1,1,0,0,0,0,0,0,5,methylmalonate-semialdehyde dehydrogenase (acylating),1267131,1269609,1
PMY2649,CNAG_01078,CNAG_01078-t26_1,495.0,495.0,495.0,1,1,0,0,0,0,0,0,5,aldehyde dehydrogenase (NAD),1260973,1263183,-1
PMY2650,CNAG_01078,CNAG_01078-t26_1,495.0,495.0,495.0,1,1,0,2,0,0,1,1,5,aldehyde dehydrogenase (NAD),1260973,1263183,-1
PMY2649,CNAG_01079,CNAG_01079-t26_1,253.0,253.0,253.0,1,1,0,1,0,0,1,0,5,2,1259263,1260699,1
PMY2650,CNAG_01079,CNAG_01079-t26_1,253.0,253.0,253.0,1,1,0,0,0,0,0,0,5,2,1259263,1260699,1
PMY2649,CNAG_01080,CNAG_01080-t26_1,370.0,370.0,370.0,1,1,0,0,0,0,0,0,5,Glycolate oxidase,1257543,1259257,-1
PMY2650,CNAG_01080,CNAG_01080-t26_1,370.0,370.0,370.0,1,1,0,1,0,0,1,0,5,Glycolate oxidase,1257543,1259257,-1
PMY2649,CNAG_01081,CNAG_01081-t26_1,313.0,313.0,313.0,1,1,0,1,0,0,0,1,5,hypothetical protein,1255367,1256996,-1
PMY2650,CNAG_01081,CNAG_01081-t26_1,313.0,313.0,313.0,1,1,0,0,0,0,0,0,5,hypothetical protein,1255367,1256996,-1
PMY2649,CNAG_01083,CNAG_01083-t26_1,513.0,513.0,513.0,1,1,1,1,0,0,1,0,5,26S proteasome regulatory subunit N5,1247821,1250082,1
PMY2650,CNAG_01083,CNAG_01083-t26_1,513.0,513.0,513.0,1,1,0,0,0,0,0,0,5,26S proteasome regulatory subunit N5,1247821,1250082,1
PMY2649,CNAG_01085,CNAG_01085-t26_1,304.0,304.0,304.0,1,1,2,3,1,0,2,0,5,hypothetical protein,1244515,1245927,1
PMY2650,CNAG_01085,CNAG_01085-t26_1,304.0,304.0,304.0,1,1,2,2,0,0,2,0,5,hypothetical protein,1244515,1245927,1
PMY2649,CNAG_01086,CNAG_01086-t26_1,396.0,396.0,396.0,1,1,0,1,0,0,0,1,5,hypothetical protein,1242573,1244843,-1
PMY2650,CNAG_01086,CNAG_01086-t26_1,396.0,396.0,396.0,1,1,1,2,1,0,1,0,5,hypothetical protein,1242573,1244843,-1
PMY2649,CNAG_01090,CNAG_01090-t26_1,311.0,311.0,311.0,1,1,0,1,0,0,1,0,5,alpha/beta hydrolase fold protein,1234517,1236047,1
PMY2650,CNAG_01090,CNAG_01090-t26_1,311.0,311.0,311.0,1,1,0,1,0,0,0,1,5,alpha/beta hydrolase fold protein,1234517,1236047,1
PMY2649,CNAG_01091,CNAG_01091-t26_1,995.0,995.0,995.0,1,1,0,0,0,0,0,0,5,U5 small nuclear ribonucleoprotein component,1230516,1234304,1
PMY2650,CNAG_01091,CNAG_01091-t26_1,995.0,995.0,995.0,1,1,2,2,0,0,2,0,5,U5 small nuclear ribonucleoprotein component,1230516,1234304,1
PMY2649,CNAG_01092,CNAG_01092-t26_1,290.0,290.0,290.0,1,1,0,0,0,0,0,0,5,hypothetical protein,1229312,1230417,-1
PMY2650,CNAG_01092,CNAG_01092-t26_1,290.0,290.0,290.0,1,1,1,2,0,0,2,0,5,hypothetical protein,1229312,1230417,-1
PMY2649,CNAG_01095,CNAG_01095-t26_1,358.0,358.0,358.0,1,1,0,1,1,0,0,0,5,BEM46 family protein,1224355,1226225,1
PMY2650,CNAG_01095,CNAG_01095-t26_1,358.0,358.0,358.0,1,1,0,0,0,0,0,0,5,BEM46 family protein,1224355,1226225,1
PMY2649,CNAG_01096,CNAG_01096-t26_1,272.0,272.0,272.0,1,1,0,1,0,0,1,0,5,hypothetical protein,1222946,1224359,-1
PMY2650,CNAG_01096,CNAG_01096-t26_1,272.0,272.0,272.0,1,1,0,0,0,0,0,0,5,hypothetical protein,1222946,1224359,-1
PMY2649,CNAG_01097,CNAG_01097-t26_1,331.0,331.0,331.0,1,1,0,1,0,1,0,0,5,short-chain dehydrogenase/reductase SDR,1221471,1223346,1
PMY2650,CNAG_01097,CNAG_01097-t26_1,331.0,331.0,331.0,1,1,0,0,0,0,0,0,5,short-chain dehydrogenase/reductase SDR,1221471,1223346,1
PMY2649,CNAG_01098,CNAG_01098-t26_1,718.0,718.0,718.0,1,1,1,1,0,0,1,0,5,pre-rRNA-processing protein ipi1,1218808,1221467,1
PMY2650,CNAG_01098,CNAG_01098-t26_1,718.0,718.0,718.0,1,1,0,2,0,1,1,0,5,pre-rRNA-processing protein ipi1,1218808,1221467,1
PMY2649,CNAG_01099,CNAG_01099-t26_1,899.0,899.0,899.0,1,1,1,1,0,0,1,0,5,cleavage and polyadenylation specificity factor subunit 2,1215392,1218610,1
PMY2650,CNAG_01099,CNAG_01099-t26_1,899.0,899.0,899.0,1,1,0,1,0,0,1,0,5,cleavage and polyadenylation specificity factor subunit 2,1215392,1218610,1
PMY2649,CNAG_01100,CNAG_01100-t26_1,1568.0,1568.0,1568.0,1,1,1,1,0,0,1,0,5,hypothetical protein,1210119,1215355,-1
PMY2650,CNAG_01100,CNAG_01100-t26_1,1568.0,1568.0,1568.0,1,1,0,0,0,0,0,0,5,hypothetical protein,1210119,1215355,-1
PMY2649,CNAG_01101,CNAG_01101-t26_1,1080.0,1080.0,1080.0,1,1,0,2,0,0,1,1,5,hypothetical protein,1205891,1210111,-1
PMY2650,CNAG_01101,CNAG_01101-t26_1,1080.0,1080.0,1080.0,1,1,0,0,0,0,0,0,5,hypothetical protein,1205891,1210111,-1
PMY2649,CNAG_01105,CNAG_01105-t26_1,1061.0,1061.0,1061.0,1,1,0,2,1,0,1,0,5,hypothetical protein,1197607,1201494,1
PMY2650,CNAG_01105,CNAG_01105-t26_1,1061.0,1061.0,1061.0,1,1,1,1,0,0,1,0,5,hypothetical protein,1197607,1201494,1
PMY2649,CNAG_01106,CNAG_01106-t26_1,849.0,849.0,849.0,1,1,0,7,0,1,4,2,5,V-type H -transporting ATPase subunit I,1193915,1197594,1
PMY2650,CNAG_01106,CNAG_01106-t26_1,849.0,849.0,849.0,1,1,0,3,0,2,1,0,5,V-type H -transporting ATPase subunit I,1193915,1197594,1
PMY2649,CNAG_01107,CNAG_01107-t26_1,783.0,783.0,783.0,1,1,1,2,0,0,2,0,5,phosphatidylinositol glycan,1190725,1193789,-1
PMY2650,CNAG_01107,CNAG_01107-t26_1,783.0,783.0,783.0,1,1,0,1,0,0,1,0,5,phosphatidylinositol glycan,1190725,1193789,-1
PMY2649,CNAG_01108,CNAG_01108-t26_1,813.0,813.0,813.0,1,1,0,0,0,0,0,0,5,Allantoicase,1187557,1190786,1
PMY2650,CNAG_01108,CNAG_01108-t26_1,813.0,813.0,813.0,1,1,0,1,0,0,0,1,5,Allantoicase,1187557,1190786,1
PMY2649,CNAG_01112,CNAG_01112-t26_1,383.0,383.0,383.0,1,1,0,1,0,0,1,0,5,xenobiotic reductase,1181430,1183184,1
PMY2650,CNAG_01112,CNAG_01112-t26_1,383.0,383.0,383.0,1,1,0,0,0,0,0,0,5,xenobiotic reductase,1181430,1183184,1
PMY2649,CNAG_01115,CNAG_01115-t26_1,3014.0,3014.0,3014.0,1,1,1,2,0,0,2,0,5,hypothetical protein,1169182,1179527,-1
PMY2650,CNAG_01115,CNAG_01115-t26_1,3014.0,3014.0,3014.0,1,1,0,1,1,0,0,0,5,hypothetical protein,1169182,1179527,-1
PMY2649,CNAG_01116,CNAG_01116-t26_1,264.0,264.0,264.0,1,1,0,1,0,0,0,1,5,beta-ketoacyl reductase,1167172,1169939,1
PMY2650,CNAG_01116,CNAG_01116-t26_1,264.0,264.0,264.0,1,1,0,0,0,0,0,0,5,beta-ketoacyl reductase,1167172,1169939,1
PMY2649,CNAG_01117,CNAG_01117-t26_1,1055.0,1055.0,1055.0,1,1,0,0,0,0,0,0,5,elongation factor 3,1163211,1167713,-1
PMY2650,CNAG_01117,CNAG_01117-t26_1,1055.0,1055.0,1055.0,1,1,0,2,0,0,2,0,5,elongation factor 3,1163211,1167713,-1
PMY2649,CNAG_01119,CNAG_01119-t26_1,632.0,632.0,632.0,1,1,0,0,0,0,0,0,5,POT family proton-dependent oligopeptide transporter,1154035,1156876,-1
PMY2650,CNAG_01119,CNAG_01119-t26_1,632.0,632.0,632.0,1,1,0,1,0,0,0,1,5,POT family proton-dependent oligopeptide transporter,1154035,1156876,-1
PMY2649,CNAG_01120,CNAG_01120-t26_1,476.0,476.0,476.0,1,1,0,0,0,0,0,0,5,pyruvate dehydrogenase complex dihydrolipoamide acetyltransferase,1151452,1153992,-1
PMY2650,CNAG_01120,CNAG_01120-t26_1,476.0,476.0,476.0,1,1,0,1,0,0,0,1,5,pyruvate dehydrogenase complex dihydrolipoamide acetyltransferase,1151452,1153992,-1
PMY2649,CNAG_01123,CNAG_01123-t26_1,519.0,519.0,519.0,1,1,0,1,0,0,0,1,5,DRAP deaminase,1146061,1148363,1
PMY2650,CNAG_01123,CNAG_01123-t26_1,519.0,519.0,519.0,1,1,0,0,0,0,0,0,5,DRAP deaminase,1146061,1148363,1
PMY2649,CNAG_01125,CNAG_01125-t26_1,1050.0,1050.0,1050.0,1,1,0,1,0,0,0,1,5,hypothetical protein,1140063,1144881,1
PMY2650,CNAG_01125,CNAG_01125-t26_1,1050.0,1050.0,1050.0,1,1,0,0,0,0,0,0,5,hypothetical protein,1140063,1144881,1
PMY2649,CNAG_01126,CNAG_01126-t26_1,1953.0,1953.0,1953.0,1,1,1,1,0,0,1,0,5,guanine nucleotide exchange protein for ADP- robosylation factor,1132534,1139328,-1
PMY2650,CNAG_01126,CNAG_01126-t26_1,1953.0,1953.0,1953.0,1,1,0,1,0,0,1,0,5,guanine nucleotide exchange protein for ADP- robosylation factor,1132534,1139328,-1
PMY2649,CNAG_01127,CNAG_01127-t26_1,479.0,479.0,479.0,1,1,0,1,0,0,0,1,5,hypothetical protein,1129564,1132154,-1
PMY2650,CNAG_01127,CNAG_01127-t26_1,479.0,479.0,479.0,1,1,2,4,0,0,2,2,5,hypothetical protein,1129564,1132154,-1
PMY2649,CNAG_01130,CNAG_01130-t26_1,746.0,746.0,746.0,1,1,0,0,0,0,0,0,5,hypothetical protein,1121301,1124632,-1
PMY2649,CNAG_01130,CNAG_01130-t26_2,748.0,748.0,748.0,1,1,0,0,0,0,0,0,5,hypothetical protein,1121301,1124632,-1
PMY2650,CNAG_01130,CNAG_01130-t26_1,746.0,746.0,746.0,1,1,1,1,0,0,1,0,5,hypothetical protein,1121301,1124632,-1
PMY2650,CNAG_01130,CNAG_01130-t26_2,748.0,748.0,748.0,1,1,1,1,0,0,1,0,5,hypothetical protein,1121301,1124632,-1
PMY2649,CNAG_01133,CNAG_01133-t26_1,283.0,283.0,283.0,1,1,1,1,0,0,1,0,5,mitochondrial protein,1116058,1117461,1
PMY2650,CNAG_01133,CNAG_01133-t26_1,283.0,283.0,283.0,1,1,2,9,2,1,4,2,5,mitochondrial protein,1116058,1117461,1
PMY2649,CNAG_01134,CNAG_01134-t26_1,1162.0,1162.0,1162.0,1,1,0,3,1,0,2,0,5,hypothetical protein,1112144,1116414,-1
PMY2650,CNAG_01134,CNAG_01134-t26_1,1162.0,1162.0,1162.0,1,1,2,12,3,0,9,0,5,hypothetical protein,1112144,1116414,-1
PMY2649,CNAG_01135,CNAG_01135-t26_1,276.0,276.0,276.0,1,1,0,5,0,3,1,1,5,Delta(3,1108738,1110774,-1
PMY2649,CNAG_01135,CNAG_01135-t26_2,246.0,246.0,246.0,1,1,0,5,0,3,1,1,5,Delta(3,1108738,1110774,-1
PMY2649,CNAG_01135,CNAG_01135-t26_3,246.0,246.0,246.0,1,1,0,5,0,3,1,1,5,Delta(3,1108738,1110774,-1
PMY2650,CNAG_01135,CNAG_01135-t26_1,276.0,276.0,276.0,1,1,0,2,0,0,0,2,5,Delta(3,1108738,1110774,-1
PMY2650,CNAG_01135,CNAG_01135-t26_2,246.0,246.0,246.0,1,1,0,2,0,0,0,2,5,Delta(3,1108738,1110774,-1
PMY2650,CNAG_01135,CNAG_01135-t26_3,246.0,246.0,246.0,1,1,0,2,0,0,0,2,5,Delta(3,1108738,1110774,-1
PMY2649,CNAG_01136,CNAG_01136-t26_1,346.0,346.0,346.0,1,1,1,3,0,0,3,0,5,hypothetical protein,1108225,1109598,1
PMY2650,CNAG_01136,CNAG_01136-t26_1,346.0,346.0,346.0,1,1,0,0,0,0,0,0,5,hypothetical protein,1108225,1109598,1
PMY2649,CNAG_01137,CNAG_01137-t26_1,792.0,792.0,792.0,1,1,0,5,0,0,4,1,5,aconitate hydratase,1104696,1108196,1
PMY2650,CNAG_01137,CNAG_01137-t26_1,792.0,792.0,792.0,1,1,0,4,0,0,4,0,5,aconitate hydratase,1104696,1108196,1
PMY2649,CNAG_01141,CNAG_01141-t26_1,247.0,247.0,247.0,1,1,0,0,0,0,0,0,5,exosome complex component RRP40,1094404,1095636,-1
PMY2650,CNAG_01141,CNAG_01141-t26_1,247.0,247.0,247.0,1,1,0,1,0,0,0,1,5,exosome complex component RRP40,1094404,1095636,-1
PMY2649,CNAG_01142,CNAG_01142-t26_1,1257.0,1257.0,1257.0,1,1,0,0,0,0,0,0,5,endoplasmic reticulum protein,1090087,1094300,-1
PMY2650,CNAG_01142,CNAG_01142-t26_1,1257.0,1257.0,1257.0,1,1,0,1,0,0,1,0,5,endoplasmic reticulum protein,1090087,1094300,-1
PMY2649,CNAG_01145,CNAG_01145-t26_1,384.0,384.0,384.0,1,1,0,0,0,0,0,0,5,hypothetical protein,1084554,1086102,1
PMY2650,CNAG_01145,CNAG_01145-t26_1,384.0,384.0,384.0,1,1,1,1,0,0,1,0,5,hypothetical protein,1084554,1086102,1
PMY2649,CNAG_01146,CNAG_01146-t26_1,1241.0,1241.0,1241.0,1,1,1,1,0,0,1,0,5,U3 small nucleolar RNA-associated protein 22,1080205,1084412,-1
PMY2650,CNAG_01146,CNAG_01146-t26_1,1241.0,1241.0,1241.0,1,1,0,0,0,0,0,0,5,U3 small nucleolar RNA-associated protein 22,1080205,1084412,-1
PMY2649,CNAG_01148,CNAG_01148-t26_1,409.0,409.0,409.0,1,1,0,0,0,0,0,0,5,FK506-binding protein 4,1077307,1079287,-1
PMY2650,CNAG_01148,CNAG_01148-t26_1,409.0,409.0,409.0,1,1,0,1,0,0,0,1,5,FK506-binding protein 4,1077307,1079287,-1
PMY2649,CNAG_01149,CNAG_01149-t26_1,1530.0,1530.0,1530.0,1,1,1,1,0,0,1,0,5,hypothetical protein,1071703,1077079,-1
PMY2650,CNAG_01149,CNAG_01149-t26_1,1530.0,1530.0,1530.0,1,1,0,1,0,0,1,0,5,hypothetical protein,1071703,1077079,-1
PMY2649,CNAG_01151,CNAG_01151-t26_1,151.0,151.0,151.0,1,1,0,0,0,0,0,0,5,ubiquitin-conjugating enzyme E2 D/E,1067288,1068577,-1
PMY2650,CNAG_01151,CNAG_01151-t26_1,151.0,151.0,151.0,1,1,0,2,0,0,0,2,5,ubiquitin-conjugating enzyme E2 D/E,1067288,1068577,-1
PMY2649,CNAG_01152,CNAG_01152-t26_1,237.0,237.0,237.0,1,1,1,1,0,0,1,0,5,small subunit ribosomal protein S6e,1066045,1067173,1
PMY2649,CNAG_01152,CNAG_01152-t26_2,231.0,231.0,231.0,1,1,1,1,0,0,1,0,5,small subunit ribosomal protein S6e,1066045,1067173,1
PMY2650,CNAG_01152,CNAG_01152-t26_1,237.0,237.0,237.0,1,1,0,0,0,0,0,0,5,small subunit ribosomal protein S6e,1066045,1067173,1
PMY2650,CNAG_01152,CNAG_01152-t26_2,231.0,231.0,231.0,1,1,0,0,0,0,0,0,5,small subunit ribosomal protein S6e,1066045,1067173,1
PMY2649,CNAG_01155,CNAG_01155-t26_1,761.0,761.0,761.0,1,1,0,2,0,0,0,2,5,glycerol kinase,1057646,1060504,1
PMY2650,CNAG_01155,CNAG_01155-t26_1,761.0,761.0,761.0,1,1,0,0,0,0,0,0,5,glycerol kinase,1057646,1060504,1
PMY2649,CNAG_01157,CNAG_01157-t26_1,481.0,481.0,481.0,1,1,0,1,0,1,0,0,5,hypothetical protein,1052187,1054534,-1
PMY2650,CNAG_01157,CNAG_01157-t26_1,481.0,481.0,481.0,1,1,0,0,0,0,0,0,5,hypothetical protein,1052187,1054534,-1
PMY2649,CNAG_01158,CNAG_01158-t26_1,546.0,546.0,546.0,1,1,1,2,0,0,2,0,5,branchpoint-bridging protein,1049247,1051625,1
PMY2650,CNAG_01158,CNAG_01158-t26_1,546.0,546.0,546.0,1,1,0,0,0,0,0,0,5,branchpoint-bridging protein,1049247,1051625,1
PMY2649,CNAG_01162,CNAG_01162-t26_1,345.0,345.0,345.0,1,1,0,0,0,0,0,0,5,hypothetical protein,1039748,1041583,-1
PMY2650,CNAG_01162,CNAG_01162-t26_1,345.0,345.0,345.0,1,1,0,2,1,1,0,0,5,hypothetical protein,1039748,1041583,-1
PMY2649,CNAG_01163,CNAG_01163-t26_1,818.0,818.0,818.0,1,1,1,1,0,0,1,0,5,DNA repair and recombination protein RAD54-like protein,1033941,1037151,1
PMY2650,CNAG_01163,CNAG_01163-t26_1,818.0,818.0,818.0,1,1,2,2,0,0,2,0,5,DNA repair and recombination protein RAD54-like protein,1033941,1037151,1
PMY2649,CNAG_01164,CNAG_01164-t26_1,706.0,706.0,706.0,1,1,0,1,0,0,1,0,5,glutamine-fructose-6-phosphate transaminase (isomerizing),1029583,1033747,-1
PMY2650,CNAG_01164,CNAG_01164-t26_1,706.0,706.0,706.0,1,1,0,1,0,0,0,1,5,glutamine-fructose-6-phosphate transaminase (isomerizing),1029583,1033747,-1
PMY2649,CNAG_01166,CNAG_01166-t26_1,327.0,327.0,327.0,1,1,0,1,0,0,1,0,5,urease accessory protein,1026129,1027326,-1
PMY2650,CNAG_01166,CNAG_01166-t26_1,327.0,327.0,327.0,1,1,1,1,0,0,1,0,5,urease accessory protein,1026129,1027326,-1
PMY2649,CNAG_01167,CNAG_01167-t26_1,1208.0,1208.0,1208.0,1,1,0,0,0,0,0,0,5,chromosome associated protein,1021451,1026174,1
PMY2650,CNAG_01167,CNAG_01167-t26_1,1208.0,1208.0,1208.0,1,1,2,3,0,0,2,1,5,chromosome associated protein,1021451,1026174,1
PMY2649,CNAG_01168,CNAG_01168-t26_1,503.0,503.0,503.0,1,1,0,2,0,1,1,0,5,H/ACA ribonucleoprotein complex subunit 4,1019136,1021259,-1
PMY2650,CNAG_01168,CNAG_01168-t26_1,503.0,503.0,503.0,1,1,0,1,0,1,0,0,5,H/ACA ribonucleoprotein complex subunit 4,1019136,1021259,-1
PMY2649,CNAG_01169,CNAG_01169-t26_1,523.0,523.0,523.0,1,1,1,7,0,1,4,2,5,Aspartyl aminopeptidase,1017565,1019512,1
PMY2650,CNAG_01169,CNAG_01169-t26_1,523.0,523.0,523.0,1,1,0,3,0,1,1,1,5,Aspartyl aminopeptidase,1017565,1019512,1
PMY2649,CNAG_01170,CNAG_01170-t26_1,143.0,143.0,143.0,1,1,0,7,0,1,0,6,5,small subunit ribosomal protein S17,1016102,1017337,-1
PMY2650,CNAG_01170,CNAG_01170-t26_1,143.0,143.0,143.0,1,1,0,3,0,0,0,3,5,small subunit ribosomal protein S17,1016102,1017337,-1
PMY2649,CNAG_01171,CNAG_01171-t26_1,102.0,102.0,102.0,1,1,0,0,0,0,0,0,5,hypothetical protein,1015508,1016189,1
PMY2650,CNAG_01171,CNAG_01171-t26_1,102.0,102.0,102.0,1,1,0,1,0,1,0,0,5,hypothetical protein,1015508,1016189,1
PMY2649,CNAG_03331,CNAG_03331-t26_1,526.0,526.0,526.0,1,1,0,0,0,0,0,0,8,Phosphatidylserine decarboxylase,666806,668864,1
PMY2650,CNAG_03331,CNAG_03331-t26_1,526.0,526.0,526.0,1,1,0,4,0,0,4,0,8,Phosphatidylserine decarboxylase,666806,668864,1
PMY2649,CNAG_03332,CNAG_03332-t26_1,347.0,347.0,347.0,1,1,0,3,1,0,2,0,8,replication factor C subunit 2/4,668750,670216,-1
PMY2650,CNAG_03332,CNAG_03332-t26_1,347.0,347.0,347.0,1,1,0,4,1,0,3,0,8,replication factor C subunit 2/4,668750,670216,-1
PMY2649,CNAG_03333,CNAG_03333-t26_1,877.0,877.0,877.0,1,1,1,5,1,1,2,1,8,cytoplasmic protein,670560,673656,-1
PMY2650,CNAG_03333,CNAG_03333-t26_1,877.0,877.0,877.0,1,1,1,3,0,0,2,1,8,cytoplasmic protein,670560,673656,-1
PMY2649,CNAG_03336,CNAG_03336-t26_1,1048.0,1048.0,1048.0,1,1,1,3,1,0,2,0,8,hypothetical protein,678233,682448,1
PMY2650,CNAG_03336,CNAG_03336-t26_1,1048.0,1048.0,1048.0,1,1,0,0,0,0,0,0,8,hypothetical protein,678233,682448,1
PMY2649,CNAG_03337,CNAG_03337-t26_1,117.0,117.0,117.0,1,1,0,1,1,0,0,0,8,hypothetical protein,682137,683226,-1
PMY2650,CNAG_03337,CNAG_03337-t26_1,117.0,117.0,117.0,1,1,0,1,1,0,0,0,8,hypothetical protein,682137,683226,-1
PMY2649,CNAG_03338,CNAG_03338-t26_1,269.0,269.0,269.0,1,1,0,3,1,1,1,0,8,hypothetical protein,683226,684556,1
PMY2649,CNAG_03338,CNAG_03338-t26_2,269.0,269.0,269.0,1,1,0,3,1,1,1,0,8,hypothetical protein,683226,684556,1
PMY2650,CNAG_03338,CNAG_03338-t26_1,269.0,269.0,269.0,1,1,1,4,0,2,2,0,8,hypothetical protein,683226,684556,1
PMY2650,CNAG_03338,CNAG_03338-t26_2,269.0,269.0,269.0,1,1,1,4,0,1,2,1,8,hypothetical protein,683226,684556,1
PMY2649,CNAG_03339,CNAG_03339-t26_1,495.0,495.0,495.0,1,1,1,2,0,0,1,1,8,biotin transporter,684296,687151,-1
PMY2649,CNAG_03339,CNAG_03339-t26_2,492.0,492.0,492.0,1,1,1,2,0,0,1,1,8,biotin transporter,684296,687151,-1
PMY2650,CNAG_03339,CNAG_03339-t26_1,495.0,495.0,495.0,1,1,2,5,2,0,2,1,8,biotin transporter,684296,687151,-1
PMY2650,CNAG_03339,CNAG_03339-t26_2,492.0,492.0,492.0,1,1,2,5,2,0,2,1,8,biotin transporter,684296,687151,-1
PMY2649,CNAG_03340,CNAG_03340-t26_1,367.0,367.0,367.0,1,1,3,3,0,0,3,0,8,flavonol synthase,687604,689319,1
PMY2650,CNAG_03340,CNAG_03340-t26_1,367.0,367.0,367.0,1,1,0,3,0,0,3,0,8,flavonol synthase,687604,689319,1
PMY2649,CNAG_03341,CNAG_03341-t26_1,932.0,932.0,932.0,1,1,0,4,0,1,2,1,8,minichromosome maintenance protein 2,689348,692557,-1
PMY2650,CNAG_03341,CNAG_03341-t26_1,932.0,932.0,932.0,1,1,2,3,0,0,3,0,8,minichromosome maintenance protein 2,689348,692557,-1
PMY2649,CNAG_03342,CNAG_03342-t26_1,569.0,569.0,569.0,1,1,3,5,0,0,4,1,8,tRNA (guanine-N(7)-)-methyltransferase subunit TRM82,692706,694766,1
PMY2650,CNAG_03342,CNAG_03342-t26_1,569.0,569.0,569.0,1,1,0,2,0,0,1,1,8,tRNA (guanine-N(7)-)-methyltransferase subunit TRM82,692706,694766,1
PMY2649,CNAG_03343,CNAG_03343-t26_1,232.0,232.0,232.0,1,1,1,3,0,0,1,2,8,hypothetical protein,694724,696026,-1
PMY2650,CNAG_03343,CNAG_03343-t26_1,232.0,232.0,232.0,1,1,0,1,0,0,1,0,8,hypothetical protein,694724,696026,-1
PMY2649,CNAG_03344,CNAG_03344-t26_1,380.0,380.0,380.0,1,1,1,1,0,0,1,0,8,hypothetical protein,696160,698711,1
PMY2650,CNAG_03344,CNAG_03344-t26_1,380.0,380.0,380.0,1,1,0,0,0,0,0,0,8,hypothetical protein,696160,698711,1
PMY2649,CNAG_03345,CNAG_03345-t26_1,1609.0,1609.0,1609.0,1,1,0,4,0,1,1,2,8,putative translational repressor,696583,704402,-1
PMY2649,CNAG_03345,CNAG_03345-t26_2,1670.0,1670.0,1670.0,1,1,0,4,0,1,1,2,8,putative translational repressor,696583,704402,-1
PMY2650,CNAG_03345,CNAG_03345-t26_1,1609.0,1609.0,1609.0,1,1,0,3,2,0,1,0,8,putative translational repressor,696583,704402,-1
PMY2650,CNAG_03345,CNAG_03345-t26_2,1670.0,1670.0,1670.0,1,1,0,3,2,0,1,0,8,putative translational repressor,696583,704402,-1
PMY2649,CNAG_03347,CNAG_03347-t26_1,834.0,834.0,834.0,1,1,0,1,0,1,0,0,8,ATP-dependent Clp protease ATP-binding subunit ClpB,711064,713892,-1
PMY2650,CNAG_03347,CNAG_03347-t26_1,834.0,834.0,834.0,1,1,1,1,0,0,1,0,8,ATP-dependent Clp protease ATP-binding subunit ClpB,711064,713892,-1
PMY2649,CNAG_03348,CNAG_03348-t26_1,811.0,811.0,811.0,1,1,0,1,1,0,0,0,8,hypothetical protein,714123,717304,-1
PMY2650,CNAG_03348,CNAG_03348-t26_1,811.0,811.0,811.0,1,1,0,4,2,0,2,0,8,hypothetical protein,714123,717304,-1
PMY2649,CNAG_03349,CNAG_03349-t26_1,615.0,615.0,615.0,1,1,0,1,1,0,0,0,8,pre-mRNA-processing factor 17,718250,721408,-1
PMY2650,CNAG_03349,CNAG_03349-t26_1,615.0,615.0,615.0,1,1,0,3,0,2,1,0,8,pre-mRNA-processing factor 17,718250,721408,-1
PMY2649,CNAG_03352,CNAG_03352-t26_1,91.0,91.0,91.0,1,1,0,0,0,0,0,0,8,hypothetical protein,725534,726325,-1
PMY2650,CNAG_03352,CNAG_03352-t26_1,91.0,91.0,91.0,1,1,0,1,0,0,0,1,8,hypothetical protein,725534,726325,-1
PMY2649,CNAG_03353,CNAG_03353-t26_1,324.0,324.0,324.0,1,1,0,0,0,0,0,0,8,hypothetical protein,726483,727780,1
PMY2650,CNAG_03353,CNAG_03353-t26_1,324.0,324.0,324.0,1,1,1,4,1,0,3,0,8,hypothetical protein,726483,727780,1
PMY2649,CNAG_03354,CNAG_03354-t26_1,211.0,211.0,211.0,1,1,0,1,0,1,0,0,8,hypothetical protein,728019,729581,1
PMY2650,CNAG_03354,CNAG_03354-t26_1,211.0,211.0,211.0,1,1,0,0,0,0,0,0,8,hypothetical protein,728019,729581,1
PMY2649,CNAG_03355,CNAG_03355-t26_1,1838.0,1838.0,1838.0,1,1,1,4,0,0,2,2,8,Two-component-like sensor kinase,730288,738294,1
PMY2650,CNAG_03355,CNAG_03355-t26_1,1838.0,1838.0,1838.0,1,1,1,6,0,1,2,3,8,Two-component-like sensor kinase,730288,738294,1
PMY2649,CNAG_03356,CNAG_03356-t26_1,350.0,350.0,350.0,1,1,0,0,0,0,0,0,8,hypothetical protein,738180,739704,-1
PMY2650,CNAG_03356,CNAG_03356-t26_1,350.0,350.0,350.0,1,1,0,1,0,1,0,0,8,hypothetical protein,738180,739704,-1
PMY2649,CNAG_03357,CNAG_03357-t26_1,612.0,612.0,612.0,1,1,0,0,0,0,0,0,8,hypothetical protein,739822,742000,-1
PMY2650,CNAG_03357,CNAG_03357-t26_1,612.0,612.0,612.0,1,1,0,1,0,0,0,1,8,hypothetical protein,739822,742000,-1
PMY2649,CNAG_03358,CNAG_03358-t26_1,417.0,417.0,417.0,1,1,0,1,0,0,0,1,8,Phosphoglycerate kinase,742046,744593,-1
PMY2650,CNAG_03358,CNAG_03358-t26_1,417.0,417.0,417.0,1,1,0,0,0,0,0,0,8,Phosphoglycerate kinase,742046,744593,-1
PMY2649,CNAG_03359,CNAG_03359-t26_1,57.0,57.0,57.0,1,1,0,0,0,0,0,0,8,cytochrome c oxidase subunit 7,744190,744760,1
PMY2650,CNAG_03359,CNAG_03359-t26_1,57.0,57.0,57.0,1,1,0,1,0,1,0,0,8,cytochrome c oxidase subunit 7,744190,744760,1
PMY2649,CNAG_03360,CNAG_03360-t26_1,494.0,494.0,494.0,1,1,2,4,0,1,3,0,8,hypothetical protein,745015,746904,1
PMY2650,CNAG_03360,CNAG_03360-t26_1,494.0,494.0,494.0,1,1,1,1,0,0,1,0,8,hypothetical protein,745015,746904,1
PMY2649,CNAG_03361,CNAG_03361-t26_1,549.0,549.0,549.0,1,1,3,6,0,0,6,0,8,hypothetical protein,747006,748905,1
PMY2650,CNAG_03361,CNAG_03361-t26_1,549.0,549.0,549.0,1,1,0,0,0,0,0,0,8,hypothetical protein,747006,748905,1
PMY2649,CNAG_03362,CNAG_03362-t26_1,552.0,552.0,552.0,1,1,2,5,2,0,3,0,8,hypothetical protein,748837,750946,-1
PMY2650,CNAG_03362,CNAG_03362-t26_1,552.0,552.0,552.0,1,1,1,3,2,0,1,0,8,hypothetical protein,748837,750946,-1
PMY2649,CNAG_03363,CNAG_03363-t26_1,261.0,261.0,261.0,1,1,0,1,0,0,1,0,8,hypothetical protein,751532,752682,1
PMY2650,CNAG_03363,CNAG_03363-t26_1,261.0,261.0,261.0,1,1,1,2,0,0,2,0,8,hypothetical protein,751532,752682,1
PMY2649,CNAG_03364,CNAG_03364-t26_1,236.0,236.0,236.0,1,1,0,2,0,0,2,0,8,hypothetical protein,752630,753674,-1
PMY2650,CNAG_03364,CNAG_03364-t26_1,236.0,236.0,236.0,1,1,1,2,1,0,1,0,8,hypothetical protein,752630,753674,-1
PMY2649,CNAG_03365,CNAG_03365-t26_1,301.0,301.0,301.0,1,1,0,2,0,2,0,0,8,hypothetical protein,753864,755453,1
PMY2649,CNAG_03365,CNAG_03365-t26_2,301.0,301.0,301.0,1,1,0,2,0,1,0,1,8,hypothetical protein,753864,755453,1
PMY2650,CNAG_03365,CNAG_03365-t26_1,301.0,301.0,301.0,1,1,2,3,0,0,3,0,8,hypothetical protein,753864,755453,1
PMY2650,CNAG_03365,CNAG_03365-t26_2,301.0,301.0,301.0,1,1,2,3,0,0,3,0,8,hypothetical protein,753864,755453,1
PMY2649,CNAG_03366,CNAG_03366-t26_1,738.0,738.0,738.0,1,1,1,5,3,0,1,1,8,C2H2 type zinc finger transcription factor,755992,763369,1
PMY2649,CNAG_03366,CNAG_03366-t26_2,738.0,738.0,738.0,1,1,1,2,0,0,1,1,8,C2H2 type zinc finger transcription factor,755992,763369,1
PMY2650,CNAG_03366,CNAG_03366-t26_1,738.0,738.0,738.0,1,1,2,10,4,0,5,1,8,C2H2 type zinc finger transcription factor,755992,763369,1
PMY2650,CNAG_03366,CNAG_03366-t26_2,738.0,738.0,738.0,1,1,2,7,2,0,5,0,8,C2H2 type zinc finger transcription factor,755992,763369,1
PMY2649,CNAG_03367,CNAG_03367-t26_1,578.0,578.0,578.0,1,1,1,1,0,0,1,0,8,Uridine kinase,763309,765904,-1
PMY2650,CNAG_03367,CNAG_03367-t26_1,578.0,578.0,578.0,1,1,2,2,0,0,2,0,8,Uridine kinase,763309,765904,-1
PMY2649,CNAG_03368,CNAG_03368-t26_1,2208.0,2208.0,2208.0,1,1,0,7,0,5,2,0,8,microtubule Associated protein,766081,774784,1
PMY2649,CNAG_03368,CNAG_03368-t26_2,2208.0,2208.0,2208.0,1,1,0,7,0,5,2,0,8,microtubule Associated protein,766081,774784,1
PMY2650,CNAG_03368,CNAG_03368-t26_1,2208.0,2208.0,2208.0,1,1,5,8,0,2,6,0,8,microtubule Associated protein,766081,774784,1
PMY2650,CNAG_03368,CNAG_03368-t26_2,2208.0,2208.0,2208.0,1,1,5,8,0,2,6,0,8,microtubule Associated protein,766081,774784,1
PMY2649,CNAG_07440,CNAG_07440-t26_1,302.0,302.0,302.0,1,1,0,0,0,0,0,0,5,nuclear distribution protein PAC1,1110781,1112270,1
PMY2650,CNAG_07440,CNAG_07440-t26_1,302.0,302.0,302.0,1,1,0,5,0,0,3,2,5,nuclear distribution protein PAC1,1110781,1112270,1
PMY2649,CNAG_07441,CNAG_07441-t26_1,223.0,223.0,223.0,1,1,0,1,0,1,0,0,5,hypothetical protein,1285389,1288281,-1
PMY2650,CNAG_07441,CNAG_07441-t26_1,223.0,223.0,223.0,1,1,2,3,0,0,3,0,5,hypothetical protein,1285389,1288281,-1
PMY2649,CNAG_07443,CNAG_07443-t26_1,381.0,381.0,381.0,1,1,0,2,1,0,0,1,5,hypothetical protein,1289709,1293015,-1
PMY2650,CNAG_07443,CNAG_07443-t26_1,381.0,381.0,381.0,1,1,0,0,0,0,0,0,5,hypothetical protein,1289709,1293015,-1
PMY2649,CNAG_07724,CNAG_07724-t26_1,1048.0,1048.0,1048.0,1,1,1,3,0,1,2,0,8,Metal-binding regulatory protein CUF1,721568,725406,-1
PMY2650,CNAG_07724,CNAG_07724-t26_1,1048.0,1048.0,1048.0,1,1,2,5,0,0,5,0,8,Metal-binding regulatory protein CUF1,721568,725406,-1
,CNAG_01028,CNAG_01028-t26_1,253.0,,,1,1,0,0,0,0,0,0,5,hypothetical protein,1398098,1399486,1
,CNAG_01029,CNAG_01029-t26_1,478.0,,,1,1,0,0,0,0,0,0,5,impact family protein,1396339,1398137,-1
,CNAG_01029,CNAG_01029-t26_2,485.0,,,1,1,0,0,0,0,0,0,5,impact family protein,1396339,1398137,-1
,CNAG_01030,CNAG_01030-t26_1,344.0,,,1,1,0,0,0,0,0,0,5,hypothetical protein,1394995,1396375,1
,CNAG_01030,CNAG_01030-t26_2,335.0,,,1,1,0,0,0,0,0,0,5,hypothetical protein,1394995,1396375,1
,CNAG_01031,CNAG_01031-t26_1,390.0,,,1,1,0,0,0,0,0,0,5,hypothetical protein,1392996,1394665,1
,CNAG_01034,CNAG_01034-t26_1,241.0,,,1,1,0,0,0,0,0,0,5,hypothetical protein,1384354,1386061,1
,CNAG_01035,CNAG_01035-t26_1,290.0,,,1,1,0,0,0,0,0,0,5,20S proteasome subunit alpha 4,1382735,1384170,-1
,CNAG_01036,CNAG_01036-t26_1,334.0,,,1,1,0,0,0,0,0,0,5,geranylgeranyl transferase type-2 subunit beta,1381480,1382875,1
,CNAG_01038,CNAG_01038-t26_1,793.0,,,1,1,0,0,0,0,0,0,5,hypothetical protein,1375878,1378436,1
,CNAG_01043,CNAG_01043-t26_1,168.0,,,1,1,0,0,0,0,0,0,5,hypothetical protein,1360158,1361674,-1
,CNAG_01045,CNAG_01045-t26_1,628.0,,,1,1,0,0,0,0,0,0,5,hypothetical protein,1355321,1358024,-1
,CNAG_01049,CNAG_01049-t26_1,65.0,,,1,1,0,0,0,0,0,0,5,H/ACA ribonucleoprotein complex subunit 3,1344948,1345740,-1
,CNAG_01052,CNAG_01052-t26_1,367.0,,,1,1,0,0,0,0,0,0,5,hypothetical protein,1335183,1337422,-1
,CNAG_01054,CNAG_01054-t26_1,377.0,,,1,1,0,0,0,0,0,0,5,RNA polymerase II subunit A domain phosphatase ssu72,1328580,1330096,-1
,CNAG_01056,CNAG_01056-t26_1,85.0,,,1,1,0,0,0,0,0,0,5,hypothetical protein,1320571,1321517,1
,CNAG_01058,CNAG_01058-t26_1,341.0,,,1,1,0,0,0,0,0,0,5,nitric oxide synthase-interacting protein,1316372,1317819,-1
,CNAG_01059,CNAG_01059-t26_1,456.0,,,1,1,0,0,0,0,0,0,5,vacuolar membrane protein,1314495,1316415,1
,CNAG_01059,CNAG_01059-t26_2,455.0,,,1,1,0,0,0,0,0,0,5,vacuolar membrane protein,1314495,1316415,1
,CNAG_01060,CNAG_01060-t26_1,254.0,,,1,1,0,0,0,0,0,0,5,hypothetical protein,1312202,1314479,-1
,CNAG_01060,CNAG_01060-t26_2,261.0,,,1,1,0,0,0,0,0,0,5,hypothetical protein,1312202,1314479,-1
,CNAG_01061,CNAG_01061-t26_1,942.0,,,1,1,0,0,0,0,0,0,5,serine/threonine protein kinase,1308807,1312578,1
,CNAG_01063,CNAG_01063-t26_1,1508.0,,,1,1,0,0,0,0,0,0,5,WD-repeat protein mip1,1298524,1304118,1
,CNAG_01071,CNAG_01071-t26_1,660.0,,,1,1,0,0,0,0,0,0,5,hypothetical protein,1279052,1281622,-1
,CNAG_01076,CNAG_01076-t26_1,489.0,,,1,1,0,0,0,0,0,0,5,4-aminobutyrate aminotransferase,1264806,1266956,-1
,CNAG_01077,CNAG_01077-t26_1,134.0,,,1,1,0,0,0,0,0,0,5,hypothetical protein,1263194,1264308,1
,CNAG_01082,CNAG_01082-t26_1,1226.0,,,1,1,0,0,0,0,0,0,5,hypothetical protein,1250054,1254611,-1
,CNAG_01084,CNAG_01084-t26_1,261.0,,,1,1,0,0,0,0,0,0,5,ubiquitin-conjugating enzyme 4,1245987,1247604,1
,CNAG_01087,CNAG_01087-t26_1,660.0,,,1,1,0,0,0,0,0,0,5,hypothetical protein,1239799,1242655,1
,CNAG_01088,CNAG_01088-t26_1,473.0,,,1,1,0,0,0,0,0,0,5,hypothetical protein,1237124,1239651,1
,CNAG_01089,CNAG_01089-t26_1,146.0,,,1,1,0,0,0,0,0,0,5,hypothetical protein,1236461,1237373,-1
,CNAG_01093,CNAG_01093-t26_1,238.0,,,1,1,0,0,0,0,0,0,5,hypothetical protein,1228145,1229388,1
,CNAG_01094,CNAG_01094-t26_1,435.0,,,1,1,0,0,0,0,0,0,5,pre-mRNA-splicing factor CWC25,1226254,1227977,1
,CNAG_01102,CNAG_01102-t26_1,343.0,,,1,1,0,0,0,0,0,0,5,oxidoreductase,1204400,1205860,-1
,CNAG_01103,CNAG_01103-t26_1,219.0,,,1,1,0,0,0,0,0,0,5,splicing factor 3a subunit 2,1203225,1204453,1
,CNAG_01104,CNAG_01104-t26_1,459.0,,,1,1,0,0,0,0,0,0,5,ribosomal RNA-processing protein 8,1201392,1203106,-1
,CNAG_01109,CNAG_01109-t26_1,182.0,,,1,1,0,0,0,0,0,0,5,hypothetical protein,1185241,1186312,-1
,CNAG_01110,CNAG_01110-t26_1,120.0,,,1,1,0,0,0,0,0,0,5,co-chaperone,1184559,1185429,1
,CNAG_01111,CNAG_01111-t26_1,251.0,,,1,1,0,0,0,0,0,0,5,translation initiation factor 3 subunit K,1183060,1184494,-1
,CNAG_01113,CNAG_01113-t26_1,100.0,,,1,1,0,0,0,0,0,0,5,hypothetical protein,1180382,1181341,-1
,CNAG_01114,CNAG_01114-t26_1,107.0,,,1,1,0,0,0,0,0,0,5,hypothetical protein,1179649,1180433,1
,CNAG_01118,CNAG_01118-t26_1,548.0,,,1,1,0,0,0,0,0,0,5,AAT family amino acid transporter,1158768,1161858,-1
,CNAG_01121,CNAG_01121-t26_1,148.0,,,1,1,0,0,0,0,0,0,5,hypothetical protein,1149719,1150942,-1
,CNAG_01122,CNAG_01122-t26_1,291.0,,,1,1,0,0,0,0,0,0,5,hypothetical protein,1148548,1149694,1
,CNAG_01124,CNAG_01124-t26_1,266.0,,,1,1,0,0,0,0,0,0,5,hypothetical protein,1144819,1145958,-1
,CNAG_01128,CNAG_01128-t26_1,275.0,,,1,1,0,0,0,0,0,0,5,Hydroxyacylglutathione hydrolase,1128055,1129529,-1
,CNAG_01129,CNAG_01129-t26_1,739.0,,,1,1,0,0,0,0,0,0,5,lanosterol synthase,1124843,1127946,-1
,CNAG_01131,CNAG_01131-t26_1,66.0,,,1,1,0,0,0,0,0,0,5,hypothetical protein,1119168,1120856,-1
,CNAG_01132,CNAG_01132-t26_1,320.0,,,1,1,0,0,0,0,0,0,5,nucleolar protein 6,1117907,1119257,1
,CNAG_01138,CNAG_01138-t26_1,378.0,,,1,1,0,0,0,0,0,0,5,cytochrome c peroxidase,1101942,1103697,1
,CNAG_01143,CNAG_01143-t26_1,326.0,,,1,1,0,0,0,0,0,0,5,hypothetical protein,1088703,1090189,1
,CNAG_01144,CNAG_01144-t26_1,614.0,,,1,1,0,0,0,0,0,0,5,replication factor A1,1086069,1088546,-1
,CNAG_01147,CNAG_01147-t26_1,170.0,,,1,1,0,0,0,0,0,0,5,arp2/3 complex 20 kDa subunit,1079446,1080597,1
,CNAG_01150,CNAG_01150-t26_1,449.0,,,1,1,0,0,0,0,0,0,5,omega-6 fatty acid desaturase (delta-12 desaturase),1068784,1071449,1
,CNAG_01153,CNAG_01153-t26_1,152.0,,,1,1,0,0,0,0,0,0,5,small subunit ribosomal protein S13e,1064824,1065837,-1
,CNAG_01154,CNAG_01154-t26_1,175.0,,,1,1,0,0,0,0,0,0,5,hypothetical protein,1060415,1062123,-1
,CNAG_01156,CNAG_01156-t26_1,637.0,,,1,1,0,0,0,0,0,0,5,capsular related protein,1054611,1057342,-1
,CNAG_01159,CNAG_01159-t26_1,574.0,,,1,1,0,0,0,0,0,0,5,pre-mRNA-splicing factor slu7,1046983,1049114,-1
,CNAG_01161,CNAG_01161-t26_1,277.0,,,1,1,0,0,0,0,0,0,5,hypothetical protein,1041687,1043338,1
,CNAG_01165,CNAG_01165-t26_1,566.0,,,1,1,0,0,0,0,0,0,5,D-erythro-sphingosine kinase,1027395,1030070,1
,CNAG_01172,CNAG_01172-t26_1,607.0,,,1,1,0,0,0,0,0,0,5,parallel beta-helix repeat protein,1012602,1015359,-1
,CNAG_03346,CNAG_03346-t26_1,342.0,,,1,1,0,0,0,0,0,0,8,bZip transcription factor,706174,708222,-1
,CNAG_07439,CNAG_07439-t26_1,952.0,,,1,1,0,0,0,0,0,0,5,U3 small nucleolar RNA-associated protein 21,1043550,1047115,1
,CNAG_07442,CNAG_07442-t26_1,181.0,,,1,1,0,0,0,0,0,0,5,phosphatidylglycerol/phosphatidylinositol transfer protein,1288346,1289630,1
